,LMA (g/m²),N content (mg/cm²),LAI (m²/m²),C content (mg/cm²),Chl content (μg/cm²),EWT (mg/cm²),Carotenoid content (μg/cm²),Phosphorus content (mg/cm²),Lignin (mg/cm²),Cellulose (mg/cm²),Fiber (mg/cm²),Anthocyanin content (μg/cm²),NSC (mg/cm²),Magnesium content (mg/cm²),Ca content (mg/cm²),Potassium content (mg/cm²),Boron content (mg/cm²),Copper content (mg/cm²),Sulfur content (mg/cm²),Manganese content (mg/cm²)
0,19.00473422,0.051647262,,,19.33997867,6.019981554,,,,,,,,0.003696421,0.010938365,,,,,
1,35.96897089,0.095978433,,,19.01040153,6.612722633,,,,,,,,0.00451681,0.016675043,,,,,
2,22.96931256,0.07432655,,,24.4125549,11.89283987,,,,,,,,0.003589506,0.02035173,,,,,
3,38.37375246,0.080823619,,,26.40689094,19.47993878,,,,,,,,0.003379183,0.090705766,,,,,
4,41.31957048,0.085123951,,,36.50776719,11.47156713,,,,,,,,0.007216542,0.013719428,,,,,
5,46.65230532,0.115690304,,,34.04738199,10.88992277,,,,,,,,0.017227154,0.091525801,,,,,
6,24.06151906,0.055788326,,,22.82402641,10.99659417,,,,,,,,0.007203685,0.031153235,,,,,
7,54.00966904,0.104529865,,,28.70283793,20.79431837,,,,,,,,0.015804635,0.095512046,,,,,
8,28.61952374,0.065789185,,,19.09442534,10.72833457,,,,,,,,0.004027397,0.013458045,,,,,
9,39.609227,0.083543801,,,23.32002101,10.27004831,,,,,,,,0.006999221,0.038487761,,,,,
10,79.30207186,0.264273052,,,41.09779798,10.35241479,,,,,,,,0.007446368,0.035952413,,,,,
11,34.54289034,0.086752203,,,24.07957837,13.99223372,,,,,,,,0.010800777,0.070533554,,,,,
12,66.92423682,0.096307283,,,17.68320468,11.75633375,,,,,,,,0.014207212,0.051486154,,,,,
13,55.03569818,0.151880211,,,48.53845705,23.87703968,,,,,,,,0.010490456,0.080924435,,,,,
14,41.73416093,0.106992583,,,38.04438331,21.99425055,,,,,,,,0.007362882,0.04323272,,,,,
15,70.90203514,,1.650159684,,68.18551947,19.94786887,11.62001715,,,,,2.169330615,,,,,,,,
16,38.67542128,,2.618133643,,32.97792168,10.73047351,7.920989256,,,,,1.416568852,,,,,,,,
17,38.11471508,,1.855035968,,27.5844285,13.6423959,8.623809006,,,,,1.287536996,,,,,,,,
18,56.07826348,,0.597367194,,65.58076382,17.74897527,12.11460323,,,,,1.600649004,,,,,,,,
19,26.48356028,,4.6418,,28.84675716,19.33937066,8.740200717,,,,,0.871428343,,,,,,,,
20,23.73660223,,3.397279044,,34.66482346,17.32290517,9.119797188,,,,,1.312453372,,,,,,,,
21,33.46523036,,4.1615,,40.41117533,22.79297196,10.79531257,,,,,1.5147519,,,,,,,,
22,,,0.185566772,,11.39552854,,5.237370171,,,,,0.898114386,,,,,,,,
23,86.23365604,,3.403160953,,26.9641431,17.631523,7.59035155,,,,,0.943068951,,,,,,,,
24,69.11706116,,2.288419846,,67.26299066,18.63769065,11.68842464,,,,,2.088911436,,,,,,,,
25,40.67795482,,2.303239401,,26.6341299,13.21057661,8.46512874,,,,,1.243804766,,,,,,,,
26,26.97805901,,2.722846149,,33.92166481,17.04784584,9.099317901,,,,,1.320270635,,,,,,,,
27,34.68835214,,4.77375,,38.92696403,21.1381045,10.91132889,,,,,1.542308473,,,,,,,,
28,,,0.299947806,,13.93011518,,5.575082154,,,,,0.893277194,,,,,,,,
29,53.84473758,,3.149601399,,38.96002508,19.18194049,11.53067527,,,,,1.335833557,,,,,,,,
30,37.99106142,,5.124666667,,37.53944947,20.07872081,10.94060763,,,,,1.521565097,,,,,,,,
31,43.75113254,,5.018256837,,30.07024566,10.69001366,8.800684686,,,,,1.484900589,,,,,,,,
32,44.5319454,,3.062711899,,25.0836153,12.42028613,8.186347211,,,,,1.176038208,,,,,,,,
33,43.37335822,,5.21425,,36.24863164,19.61482089,10.88314878,,,,,1.452521772,,,,,,,,
34,29.29115659,,4.749754412,,32.27034476,10.49936051,9.680923126,,,,,1.484379487,,,,,,,,
35,56.18284088,,3.706748252,,35.03117669,18.5478977,10.85813315,,,,,1.27867508,,,,,,,,
36,76.1625646,,4.085198481,,27.46035905,11.34980581,7.630140045,,,,,0.865225292,,,,,,,,
37,46.15803919,,5.08146503,,27.20197583,11.75874528,8.074920026,,,,,1.099458476,,,,,,,,
38,57.12692839,,3.865468531,,32.92923421,18.34606569,10.46256929,,,,,1.228403039,,,,,,,,
39,46.68928409,,3.639605242,,23.99987752,11.72779312,7.95900435,,,,,1.134535517,,,,,,,,
40,66.96874078,,1.935463824,,59.97883795,15.56171791,11.4863483,,,,,1.624714264,,,,,,,,
41,57.92103978,,3.944286713,,30.73561287,18.22102659,10.02747688,,,,,1.163669129,,,,,,,,
42,47.13170898,,3.859584731,,23.63304993,11.41822067,7.86462242,,,,,1.123633122,,,,,,,,
43,45.44555426,,5.669147951,,26.90087633,11.19043938,7.971128182,,,,,1.075129041,,,,,,,,
44,28.0782125,,1.466388594,,26.82737177,13.18350993,7.869296585,,,,,1.086194022,,,,,,,,
45,63.88674391,,5.937223549,,64.50320011,12.92238429,12.16048043,,,,,1.937873713,,,,,,,,
46,41.47550867,,3.309820179,,25.97170193,11.64402886,8.756404545,,,,,1.086072531,,,,,,,,
47,45.73706926,,4.015234133,,34.50302056,11.30577304,10.30719301,,,,,1.324753268,,,,,,,,
48,63.62452859,,3.491440661,,21.34385976,19.20716383,8.424768428,,,,,1.796819995,,,,,,,,
49,25.11179408,,1.8267071,,25.79695715,12.49248529,7.582270544,,,,,1.019857605,,,,,,,,
50,39.40186298,,6.02290025,,20.64186574,11.96887657,7.068330377,,,,,0.847470322,,,,,,,,
51,40.86862324,,7.136379902,,21.05412095,7.730511879,7.820684567,,,,,0.937181443,,,,,,,,
52,34.19868883,,6.6713016,,32.51781933,7.879259741,8.391588632,,,,,1.186956919,,,,,,,,
53,38.24228392,,4.911200113,,25.91934595,10.37682348,8.503848113,,,,,1.247498284,,,,,,,,
54,22.41710814,,3.213041667,,30.36014974,12.79436135,8.639233013,,,,,0.835445528,,,,,,,,
55,39.93201172,,7.133535475,,20.92165253,7.644462473,7.658702678,,,,,0.864033509,,,,,,,,
56,39.2811989,,3.204877845,,25.70735295,11.84731764,8.572967865,,,,,1.088813464,,,,,,,,
57,56.94707936,,4.940142376,,35.70607807,29.04486089,10.43939034,,,,,1.03742642,,,,,,,,
58,74.62583817,,2.826491013,,50.9891035,14.20331141,10.95917339,,,,,1.60859921,,,,,,,,
59,35.1675106,,6.376976259,,51.46765644,8.318184567,10.98180525,,,,,2.07498738,,,,,,,,
60,30.60166615,,6.902908456,,28.85963984,9.271152859,7.862214069,,,,,1.196854401,,,,,,,,
61,34.53266423,,3.318243035,,41.93836223,13.47313663,10.97680047,,,,,2.221998474,,,,,,,,
62,77.8336475,,5.159048263,,26.80745413,10.99491847,6.95429535,,,,,0.834135204,,,,,,,,
63,37.67459009,,6.94944008,,21.31974715,7.661622539,7.308417653,,,,,0.714615614,,,,,,,,
64,35.40124124,,3.976208238,,24.89942051,9.821818351,7.572514992,,,,,1.272788773,,,,,,,,
65,51.8982746,,4.90415259,,37.27260002,29.33883268,10.65448288,,,,,1.171555906,,,,,,,,
66,45.78186536,,4.731222523,,40.96789809,13.29336155,10.9111865,,,,,1.557937068,,,,,,,,
67,30.56276721,,6.891324142,,28.10415008,10.73383214,7.458960348,,,,,1.05530458,,,,,,,,
68,35.20255676,,3.21525558,,42.55268469,13.64818436,11.14606426,,,,,2.322921305,,,,,,,,
69,37.76773878,,6.404660162,,27.5086261,11.85478536,7.823761603,,,,,0.928498645,,,,,,,,
70,69.40780532,,6.334474017,,67.28118105,14.47322335,12.31103571,,,,,2.299424331,,,,,,,,
71,36.35377998,,6.768189112,,21.85031019,7.76483201,7.120114515,,,,,0.638345652,,,,,,,,
72,45.48216278,,4.945944272,,43.69764216,14.19302091,11.15397508,,,,,1.668451693,,,,,,,,
73,97.13966572,,2.46715146,,25.98742501,20.88936448,8.659264227,,,,,1.303254606,,,,,,,,
74,27.57747892,,6.434780702,,35.06723969,9.738203541,7.566468592,,,,,1.177901409,,,,,,,,
75,37.53971335,,0.506055944,,29.27039048,18.06308258,8.976201351,,,,,1.817329766,,,,,,,,
76,26.9944487,,3.087706116,,25.63063331,12.90106535,7.844537316,,,,,1.083519513,,,,,,,,
77,41.62002404,,4.745663283,,40.63747869,30.01692007,11.1351354,,,,,1.451685497,,,,,,,,
78,37.77007442,,2.900704187,,45.241212,14.35359653,11.79005086,,,,,2.68712237,,,,,,,,
79,32.89705922,,6.014199209,,28.48404321,13.31566255,7.878966965,,,,,0.853170777,,,,,,,,
80,23.3712171,,3.089160474,,25.71542986,13.2053336,7.652593117,,,,,1.080378504,,,,,,,,
81,19.35609609,,2.939045059,,28.33326665,9.610402044,7.735093286,,,,,1.504949807,,,,,,,,
82,41.43766401,,5.828700395,,28.2630774,15.18541032,8.81822469,,,,,1.219570683,,,,,,,,
83,38.81186033,,2.793990714,,46.41924108,14.6488236,12.05011146,,,,,2.829000249,,,,,,,,
84,14.28440238,,2.565642292,,29.48346369,9.61867139,7.807887027,,,,,1.579404983,,,,,,,,
85,30.25621097,,4.337761932,,36.45300626,11.60990271,10.96333637,,,,,0.926937272,,,,,,,,
86,39.94661957,,2.686345735,,47.73819683,14.97409549,12.33287127,,,,,2.981116889,,,,,,,,
87,19.4657162,,0.332384615,,31.37166862,13.31550934,10.80058443,,,,,2.572246342,,,,,,,,
88,33.06616818,,0.525884615,,29.7003582,11.29569397,10.26852962,,,,,1.986028126,,,,,,,,
89,42.93630072,,0.467843478,,45.9355347,4.487993608,11.55720661,,,,,1.199165831,,,,,,,,
90,30.13084537,,4.337405594,,40.44971749,24.92965569,10.39139824,,,,,1.771435263,,,,,,,,
91,24.32407407,,4.303506993,,38.29471656,13.77847162,10.67345863,,,,,1.079987405,,,,,,,,
92,37.07844763,,4.100833373,,43.09221119,12.55268793,10.86097148,,,,,1.501523504,,,,,,,,
93,56.38505314,,0.596289328,,47.54571835,7.98015369,11.70438743,,,,,1.215848626,,,,,,,,
94,29.05933217,,5.565333333,,22.07435212,11.84035498,6.92990327,,,,,0.860729754,,,,,,,,
95,29.71995572,,5.39125,,44.56177934,14.13828986,10.68982372,,,,,1.323337801,,,,,,,,
96,24.04837326,,4.986775524,,39.423016,13.10454286,10.51059961,,,,,1.155258997,,,,,,,,
97,27.96098694,,4.604391869,,36.13859682,12.96063153,9.851566246,,,,,0.935013956,,,,,,,,
98,43.83420713,,1.265562937,,35.75335923,15.17193989,9.895271605,,,,,0.906334305,,,,,,,,
99,23.82348943,,5.491854079,,39.81930418,12.43191053,10.34471298,,,,,1.215696495,,,,,,,,
100,28.77434232,,4.701598483,,35.93798772,12.31595519,9.761988807,,,,,0.954731216,,,,,,,,
101,44.92119319,,1.823954545,,35.73150427,16.32867546,9.462685194,,,,,0.883009031,,,,,,,,
102,16.22698248,,5.307,,19.22303423,8.533212931,6.531975119,,,,,0.760091862,,,,,,,,
103,,,1.257025,,35.93888751,,9.857727265,,,,,1.177831916,,,,,,,,
104,25.7639083,,1.745576923,,46.13499888,19.11178467,11.48195643,,,,,1.912074954,,,,,,,,
105,29.56044142,,4.775803395,,35.64252055,11.71736405,9.663819448,,,,,0.97134356,,,,,,,,
106,48.647816,,1.5001,,29.72032079,21.3099696,9.146713734,,,,,0.864032561,,,,,,,,
107,30.85351129,,3.57549361,,21.17909429,13.58888469,6.836905643,,,,,0.73326673,,,,,,,,
108,56.33876235,,2.29268122,,32.37954938,14.58695654,9.357005409,,,,,1.011443595,,,,,,,,
109,35.60580058,,6.82225,,39.3726258,13.89161589,9.17216431,,,,,1.110429067,,,,,,,,
110,,,5.053141348,,47.40404526,,11.13889557,,,,,1.668402736,,,,,,,,
111,,,2.696185315,,34.69842413,,8.792171728,,,,,0.857600891,,,,,,,,
112,,,2.1056,,23.20656062,,7.871979287,,,,,0.764180717,,,,,,,,
113,,,5.488074322,,37.5456738,,9.187572396,,,,,1.618287257,,,,,,,,
114,40.67106587,,2.294751077,,25.62000102,22.14508799,7.90677808,,,,,0.868368192,,,,,,,,
115,,,4.285,,,,,,,,,,,,,,,,,
116,23.43212402,,5.730268531,,34.08434445,9.75434559,9.650890362,,,,,1.30910555,,,,,,,,
117,31.75520089,,4.860407915,,34.18697055,10.19810182,9.317759855,,,,,1.002551087,,,,,,,,
118,42.52961803,,4.807052885,,33.21722931,12.59350645,10.07157117,,,,,1.337050514,,,,,,,,
119,39.20216144,,4.580872625,,39.17155396,20.65444041,11.24463403,,,,,1.239728425,,,,,,,,
120,48.2174777,,3.242346154,,32.3461837,19.27970913,8.381204069,,,,,0.86051596,,,,,,,,
121,23.46132513,,5.344397203,,,9.088195448,,,,,,,,,,,,,,
122,32.43227479,,4.842606016,,,9.783851481,,,,,,,,,,,,,,
123,27.1279372,,2.604342657,,,10.77193378,,,,,,,,,,,,,,
124,45.09460153,,4.90948074,,,20.70387757,,,,,,,,,,,,,,
125,,,3.39315035,,30.67537837,,8.273049918,,,,,0.872594698,,,,,,,,
126,,,5.207567145,,30.36102941,,8.461393818,,,,,1.349357937,,,,,,,,
127,44.90165739,,3.075899801,,27.04939133,21.79484306,8.514014872,,,,,0.990576611,,,,,,,,
128,85.22295086,,3.504173565,,28.46779065,23.99579914,8.275646038,,,,,0.829900969,,,,,,,,
129,89.81699908,,4.115199442,,46.31624384,44.42545392,10.99455742,,,,,1.319330632,,,,,,,,
130,49.60901771,,4.89710303,,24.8994872,8.928321147,7.894903483,,,,,1.145167555,,,,,,,,
131,49.98164314,,3.089870629,,36.53321838,18.13296278,10.34757726,,,,,1.344085113,,,,,,,,
132,34.86800743,,4.541381396,,29.8638923,8.587702101,8.569155477,,,,,0.992465295,,,,,,,,
133,43.91483991,,3.538644896,,25.50723718,14.2267702,8.940581934,,,,,1.107094641,,,,,,,,
134,34.38210335,,2.255942308,,36.66174821,23.21864476,10.92305885,,,,,1.019984221,,,,,,,,
135,89.93659142,,4.003228947,,44.71758801,42.47908011,10.82306617,,,,,1.311231029,,,,,,,,
136,36.26410621,,3.083417832,,34.30034869,19.18992484,10.61077565,,,,,0.877887255,,,,,,,,
137,36.13019936,,4.156700047,,21.21480048,15.12403519,6.692318409,,,,,0.714286515,,,,,,,,
138,37.10333177,,2.397935603,,15.40431006,10.88760819,6.671184709,,,,,0.943607902,,,,,,,,
139,39.94306951,,3.818732517,,26.75860857,15.01297462,9.296901561,,,,,0.689477211,,,,,,,,
140,83.40790556,,3.311487679,,25.58959151,24.57582382,8.449655583,,,,,0.906838067,,,,,,,,
141,35.91910314,,3.252383529,,21.40303467,13.80296858,6.786166722,,,,,0.73153375,,,,,,,,
142,41.74002993,,3.726571678,,21.57826797,14.86474432,8.295310675,,,,,0.643164133,,,,,,,,
143,30.66104731,,2.930626087,,48.39722149,9.123874681,11.60621452,,,,,1.4550833,,,,,,,,
144,60.3464166,,2.338559091,,39.0179809,40.86885114,10.26143169,,,,,1.436790677,,,,,,,,
145,44.38231904,,3.013557692,,12.0459189,17.06770489,6.362107043,,,,,0.633559446,,,,,,,,
146,,,,,,,,,,,,,,,,,,,,
147,71.584535,0.114687831,,,23.21848045,17.623673,4.125131344,0.015553823,,,,,,,,,,,,
148,71.584535,0.114687831,,,23.21848045,17.623673,4.125131344,0.015553823,,,,,,,,,,,,
149,,,,,,,,,,,,,,,,,,,,
150,,,,,,,,,,,,,,,,,,,,
151,38.373752,0.080823618,,,26.40689094,23.317314,4.656664003,0.009770172,,,,,,,,,,,,
152,,,,,,,,,,,,,,,,,,,,
153,,,,,,,,,,,,,,,,,,,,
154,,,,,,,,,,,,,,,,,,,,
155,36.914271,0.133302752,,,39.49312606,18.560679,7.512185328,0.011870873,,,,,,,,,,,,
156,,,,,,,,,,,,,,,,,,,,
157,,,,,,,,,,,,,,,,,,,,
158,,,,,,,,,,,,,,,,,,,,
159,,,,,,,,,,,,,,,,,,,,
160,,,,,,,,,,,,,,,,,,,,
161,50.275679,0.110111128,,,25.13063808,16.338736,4.883929481,0.015523536,,,,,,,,,,,,
162,67.880172,0.066529499,,,10.97772846,18.131162,3.20410926,0.010473001,,,,,,,,,,,,
163,,,,,,,,,,,,,,,,,,,,
164,,,,,,,,,,,,,,,,,,,,
165,50.275679,0.110111128,,,25.13063808,16.338736,4.883929481,0.015523536,,,,,,,,,,,,
166,,,,,,,,,,,,,,,,,,,,
167,,,,,,,,,,,,,,,,,,,,
168,,,,,,,,,,,,,,,,,,,,
169,,,,,,,,,,,,,,,,,,,,
170,,,,,,,,,,,,,,,,,,,,
171,,,,,,,,,,,,,,,,,,,,
172,38.373752,0.080823618,,,26.40689094,23.317314,4.656664003,0.009770172,,,,,,,,,,,,
173,,,,,,,,,,,,,,,,,,,,
174,,,,,,,,,,,,,,,,,,,,
175,,,,,,,,,,,,,,,,,,,,
176,,,,,,,,,,,,,,,,,,,,
177,,,,,,,,,,,,,,,,,,,,
178,,,,,,,,,,,,,,,,,,,,
179,,,,,,,,,,,,,,,,,,,,
180,,,,,,,,,,,,,,,,,,,,
181,,,,,,,,,,,,,,,,,,,,
182,,,,,,,,,,,,,,,,,,,,
183,,,,,,,,,,,,,,,,,,,,
184,48.032008,0.154691102,,,32.12775315,21.587114,6.310817876,0.013645274,,,,,,,,,,,,
185,,,,,,,,,,,,,,,,,,,,
186,,,,,,,,,,,,,,,,,,,,
187,,,,,,,,,,,,,,,,,,,,
188,,,,,,,,,,,,,,,,,,,,
189,61.613605,0.106175238,,,23.15972671,17.786732,5.157500741,0.018735089,,,,,,,,,,,,
190,,,,,,,,,,,,,,,,,,,,
191,,,,,,,,,,,,,,,,,,,,
192,69.469065,0.113035783,,,21.35919553,21.768575,4.646784592,0.011125769,,,,,,,,,,,,
193,66.924237,0.096307283,,,17.68320468,18.448757,4.410524466,0.010692084,,,,,,,,,,,,
194,67.880172,0.066529499,,,10.97772846,18.131162,3.20410926,0.010473001,,,,,,,,,,,,
195,,,,,,,,,,,,,,,,,,,,
196,50.275679,0.110111128,,,25.13063808,16.338736,4.883929481,0.015523536,,,,,,,,,,,,
197,66.924237,0.096307283,,,17.68320468,18.448757,4.410524466,0.010692084,,,,,,,,,,,,
198,,,,,,,,,,,,,,,,,,,,
199,,,,,,,,,,,,,,,,,,,,
200,,,,,,,,,,,,,,,,,,,,
201,,,,,,,,,,,,,,,,,,,,
202,,,,,,,,,,,,,,,,,,,,
203,,,,,,,,,,,,,,,,,,,,
204,51.891496,0.146627133,,,30.09513686,15.888515,5.788805405,0.016718677,,,,,,,,,,,,
205,51.891496,0.146627133,,,30.09513686,15.888515,5.788805405,0.016718677,,,,,,,,,,,,
206,61.77461,0.195667105,,,38.06426302,17.49588,6.527779509,0.017217307,,,,,,,,,,,,
207,,,,,,,,,,,,,,,,,,,,
208,,,,,,,,,,,,,,,,,,,,
209,,,,,,,,,,,,,,,,,,,,
210,,,,,,,,,,,,,,,,,,,,
211,,,,,,,,,,,,,,,,,,,,
212,,,,,,,,,,,,,,,,,,,,
213,,,,,,,,,,,,,,,,,,,,
214,38.373752,0.080823618,,,26.40689094,23.317314,4.656664003,0.009770172,,,,,,,,,,,,
215,38.373752,0.080823618,,,26.40689094,23.317314,4.656664003,0.009770172,,,,,,,,,,,,
216,,,,,,,,,,,,,,,,,,,,
217,,,,,,,,,,,,,,,,,,,,
218,,,,,,,,,,,,,,,,,,,,
219,,,,,,,,,,,,,,,,,,,,
220,,,,,,,,,,,,,,,,,,,,
221,,,,,,,,,,,,,,,,,,,,
222,,,,,,,,,,,,,,,,,,,,
223,,,,,,,,,,,,,,,,,,,,
224,,,,,,,,,,,,,,,,,,,,
225,,,,,,,,,,,,,,,,,,,,
226,,,,,,,,,,,,,,,,,,,,
227,,,,,,,,,,,,,,,,,,,,
228,48.032008,0.154691102,,,32.12775315,21.587114,6.310817876,0.013645274,,,,,,,,,,,,
229,,,,,,,,,,,,,,,,,,,,
230,,,,,,,,,,,,,,,,,,,,
231,,,,,,,,,,,,,,,,,,,,
232,,,,,,,,,,,,,,,,,,,,
233,,,,,,,,,,,,,,,,,,,,
234,,,,,,,,,,,,,,,,,,,,
235,,,,,,,,,,,,,,,,,,,,
236,,,,,,,,,,,,,,,,,,,,
237,,,,,,,,,,,,,,,,,,,,
238,,,,,,,,,,,,,,,,,,,,
239,,,,,,,,,,,,,,,,,,,,
240,,,,,,,,,,,,,,,,,,,,
241,67.880172,0.066529499,,,10.97772846,18.131162,3.20410926,0.010473001,,,,,,,,,,,,
242,,,,,,,,,,,,,,,,,,,,
243,,,,,,,,,,,,,,,,,,,,
244,56.383585,0.096201131,,,25.55150263,17.319128,5.677561008,0.017723278,,,,,,,,,,,,
245,66.924237,0.096307283,,,17.68320468,18.448757,4.410524466,0.010692084,,,,,,,,,,,,
246,,,,,,,,,,,,,,,,,,,,
247,67.880172,0.066529499,,,10.97772846,18.131162,3.20410926,0.010473001,,,,,,,,,,,,
248,50.275679,0.110111128,,,25.13063808,16.338736,4.883929481,0.015523536,,,,,,,,,,,,
249,67.880172,0.066529499,,,10.97772846,18.131162,3.20410926,0.010473001,,,,,,,,,,,,
250,66.924237,0.096307283,,,17.68320468,18.448757,4.410524466,0.010692084,,,,,,,,,,,,
251,,,,,,,,,,,,,,,,,,,,
252,,,,,,,,,,,,,,,,,,,,
253,,,,,,,,,,,,,,,,,,,,
254,,,,,,,,,,,,,,,,,,,,
255,,,,,,,,,,,,,,,,,,,,
256,,,,,,,,,,,,,,,,,,,,
257,,,,,,,,,,,,,,,,,,,,
258,,,,,,,,,,,,,,,,,,,,
259,,,,,,,,,,,,,,,,,,,,
260,,,,,,,,,,,,,,,,,,,,
261,,,,,,,,,,,,,,,,,,,,
262,,,,,,,,,,,,,,,,,,,,
263,,,,,,,,,,,,,,,,,,,,
264,,,,,,,,,,,,,,,,,,,,
265,,,,,,,,,,,,,,,,,,,,
266,,,,,,,,,,,,,,,,,,,,
267,,,,,,,,,,,,,,,,,,,,
268,,,,,,,,,,,,,,,,,,,,
269,,,,,,,,,,,,,,,,,,,,
270,,,,,,,,,,,,,,,,,,,,
271,,,,,,,,,,,,,,,,,,,,
272,,,,,,,,,,,,,,,,,,,,
273,,,,,,,,,,,,,,,,,,,,
274,,,,,,,,,,,,,,,,,,,,
275,,,,,,,,,,,,,,,,,,,,
276,,,,,,,,,,,,,,,,,,,,
277,,,,,,,,,,,,,,,,,,,,
278,,,,,,,,,,,,,,,,,,,,
279,,,,,,,,,,,,,,,,,,,,
280,,,,,,,,,,,,,,,,,,,,
281,,,,,,,,,,,,,,,,,,,,
282,,,,,,,,,,,,,,,,,,,,
283,,,,,,,,,,,,,,,,,,,,
284,,,,,,,,,,,,,,,,,,,,
285,,,,,,,,,,,,,,,,,,,,
286,,,,,,,,,,,,,,,,,,,,
287,,,,,,,,,,,,,,,,,,,,
288,,,,,,,,,,,,,,,,,,,,
289,,,,,,,,,,,,,,,,,,,,
290,,,,,,,,,,,,,,,,,,,,
291,,,,,,,,,,,,,,,,,,,,
292,169.83,0.399,,8.206,,15.08459819,,,,,,,,,,,,,,
293,115.28,0.205,,5.378,,18.46939787,,,,,,,,,,,,,,
294,87.7,0.277,,4.482,,12.70930443,,,,,,,,,,,,,,
295,80.56,0.241,,4.164,,12.31315297,,,,,,,,,,,,,,
296,118.33,0.27,,5.968,,14.4333707,,,,,,,,,,,,,,
297,201.08,0.465,,10.259,,18.37621053,,,,,,,,,,,,,,
298,215.04,0.327,,11.346,,14.67365814,,,,,,,,,,,,,,
299,,,,,,,,,,,,,,,,,,,,
300,,,,,,,,,,,,,,,,,,,,
301,,,,,,,,,,,,,,,,,,,,
302,,,,,,,,,,,,,,,,,,,,
303,,,,,,,,,,,,,,,,,,,,
304,,,,,,,,,,,,,,,,,,,,
305,,,,,,,,,,,,,,,,,,,,
306,,,,,,,,,,,,,,,,,,,,
307,,,,,,,,,,,,,,,,,,,,
308,,,,,,,,,,,,,,,,,,,,
309,,,,,,,,,,,,,,,,,,,,
310,,,,,,,,,,,,,,,,,,,,
311,,,,,,,,,,,,,,,,,,,,
312,,,,,,,,,,,,,,,,,,,,
313,,,,,,,,,,,,,,,,,,,,
314,,,,,,,,,,,,,,,,,,,,
315,,,,,,,,,,,,,,,,,,,,
316,,,,,,,,,,,,,,,,,,,,
317,,,,,,,,,,,,,,,,,,,,
318,,,,,,,,,,,,,,,,,,,,
319,,,,,,,,,,,,,,,,,,,,
320,,,,,,,,,,,,,,,,,,,,
321,,,,,,,,,,,,,,,,,,,,
322,,,,,,,,,,,,,,,,,,,,
323,,,,,,,,,,,,,,,,,,,,
324,,,,,,,,,,,,,,,,,,,,
325,,,,,,,,,,,,,,,,,,,,
326,,,,,,,,,,,,,,,,,,,,
327,,,,,,,,,,,,,,,,,,,,
328,,,,,,,,,,,,,,,,,,,,
329,,,,,,,,,,,,,,,,,,,,
330,,,,,,,,,,,,,,,,,,,,
331,,,,,,,,,,,,,,,,,,,,
332,,,,,,,,,,,,,,,,,,,,
333,,,,,,,,,,,,,,,,,,,,
334,,,,,,,,,,,,,,,,,,,,
335,,,,,,,,,,,,,,,,,,,,
336,,,,,,,,,,,,,,,,,,,,
337,,,,,,,,,,,,,,,,,,,,
338,,,,,,,,,,,,,,,,,,,,
339,,,,,,,,,,,,,,,,,,,,
340,,,,,,,,,,,,,,,,,,,,
341,,,,,,,,,,,,,,,,,,,,
342,,,,,,,,,,,,,,,,,,,,
343,,,,,,,,,,,,,,,,,,,,
344,,,,,,,,,,,,,,,,,,,,
345,,,,,,,,,,,,,,,,,,,,
346,,,,,,,,,,,,,,,,,,,,
347,,,,,,,,,,,,,,,,,,,,
348,,,,,,,,,,,,,,,,,,,,
349,,,,,,,,,,,,,,,,,,,,
350,,,,,,,,,,,,,,,,,,,,
351,,,,,,,,,,,,,,,,,,,,
352,73.189,0.2086,,3.5709,,,,,,,,,,,,,,,,
353,166.834,0.2102,,8.8939,,,,,,,,,,,,,,,,
354,106.708,0.2081,,5.2628,,,,,,,,,,,,,,,,
355,128.217,0.1949,,6.325,,,,,,,,,,,,,,,,
356,93.948,0.2499,,4.7265,,,,,,,,,,,,,,,,
357,95.07,0.2367,,4.7031,,,,,,,,,,,,,,,,
358,100.045,0.2811,,4.9192,,,,,,,,,,,,,,,,
359,66.947,0.2109,,3.1626,,,,,,,,,,,,,,,,
360,89.394,0.1877,,4.2596,,,,,,,,,,,,,,,,
361,106.094,0.1867,,5.3769,,,,,,,,,,,,,,,,
362,88.284,0.1757,,4.4813,,,,,,,,,,,,,,,,
363,51.93,0.0571,,2.3867,,,,,,,,,,,,,,,,
364,275.094,0.1816,,15.6089,,,,,,,,,,,,,,,,
365,266.939,0.2483,,14.2038,,,,,,,,,,,,,,,,
366,55.773,0.1746,,2.2136,,,,,,,,,,,,,,,,
367,81.04,0.2002,,3.2165,,,,,,,,,,,,,,,,
368,49.049,0.131,,2.0787,,,,,,,,,,,,,,,,
369,79.989,0.1784,,3.6899,,,,,,,,,,,,,,,,
370,69.693,0.1986,,3.2191,,,,,,,,,,,,,,,,
371,89.023,0.2083,,4.0897,,,,,,,,,,,,,,,,
372,71.247,0.1795,,3.5809,,,,,,,,,,,,,,,,
373,56.801,0.1704,,2.8599,,,,,,,,,,,,,,,,
374,92.861,0.2377,,4.3254,,,,,,,,,,,,,,,,
375,99.601,0.1952,,5.0,,,,,,,,,,,,,,,,
376,51.368,0.1315,,2.346,,,,,,,,,,,,,,,,
377,50.369,0.1249,,2.3391,,,,,,,,,,,,,,,,
378,71.44071542,0.146000657,,3.909711586,47.96110261,7.767551346,8.371873452,0.005705773,1.151750122,0.966094326,2.091983256,,1.700048501,0.023661677,0.042070906,,0.000190926,4.79e-05,0.010063203,0.002539017
379,64.37672641,0.191444045,,3.202031336,34.45554143,16.64659619,8.375241794,0.0166417,0.802165253,0.99609311,2.473744359,,1.409304396,0.01326757,0.149268071,0.142746536,0.00013731,4.69e-05,0.01187327,0.000481394
380,,,,,,12.45842602,,,,,,,,,,,,,,
381,59.45258796,0.14187463,,3.00341357,47.07023642,11.27722332,7.297554389,0.008990417,1.448304402,0.933929159,2.183608173,,1.590255061,0.011021886,0.073170977,0.056428879,0.000224614,4.07e-05,0.00637288,0.001132133
382,100.6659267,0.214575367,,6.089570904,,,,,3.53402131,1.165862829,4.440068911,,4.913746261,,,,0.000350616,4.59e-05,0.007628784,0.004081089
383,64.79202742,,,3.360540192,30.1836022,5.925148374,5.775302835,0.013201333,0.566083082,1.14647164,2.043092635,,1.231180335,0.017750856,0.075817494,0.086620013,0.000151384,4.59e-05,0.011415563,0.001038862
384,200.1057691,0.195615293,,10.69312185,,,,0.015890488,6.890086913,5.553332016,12.55089307,,4.912844142,,0.089356481,0.136888799,0.000706904,7.25e-05,0.015029371,0.004935905
385,,,,,,,8.804660526,,,,,,,,,,,,,
386,,,,,,,8.954600585,,,,,,,,,,,,,
387,,,,,,,6.33846885,,,,,,,,,,,,,
388,,,,,,,7.10826836,,,,,,,,,,,,,
389,,,,,,,,,,,,,,,,,,,,
390,,,,,,,,,,,,,,,,,,,,
391,86.05,0.129099998,,4.3284,,,,,,,,,,,,,,,,
392,89.4,0.166300003,,4.546699997,,,,,,,,,,,,,,,,
393,78.07,0.156900004,,3.357099999,,,,,,,,,,,,,,,,
394,60.82,0.2286832,,2.8074512,,,,,,,,,,,,,,,,
395,78.08,0.2287744,,3.3410432,,,,,,,,,,,,,,,,
396,92.91,0.2592189,,4.0806072,,,,,,,,,,,,,,,,
397,71.89,0.2120755,,3.0445415,,,,,,,,,,,,,,,,
398,77.0,0.19712,,3.32563,,,,,,,,,,,,,,,,
399,83.22,0.1614468,,3.549333,,,,,,,,,,,,,,,,
400,80.48,0.1496928,,3.3616496,,,,,,,,,,,,,,,,
401,51.42,,,,,,,,,,,,,,,,,,,
402,47.87,0.1881291,,2.1469695,,,,,,,,,,,,,,,,
403,48.74,0.2173804,,2.2254684,,,,,,,,,,,,,,,,
404,67.47,,,,,,,,,,,,,,,,,,,
405,53.9,,,,,,,,,,,,,,,,,,,
406,78.64,,,,,,,,,,,,,,,,,,,
407,51.75,,,,,,,,,,,,,,,,,,,
408,66.86,0.1410746,,3.0294266,,,,,,,,,,,,,,,,
409,60.45,0.168051,,2.803671,,,,,,,,,,,,,,,,
410,54.12,0.1645248,,2.5079208,,,,,,,,,,,,,,,,
411,61.38,0.1571328,,2.7185202,,,,,,,,,,,,,,,,
412,62.81,0.2060168,,2.8415244,,,,,,,,,,,,,,,,
413,64.84,0.1419996,,2.8322112,,,,,,,,,,,,,,,,
414,54.99,0.1600209,,2.5284402,,,,,,,,,,,,,,,,
415,51.87,0.1690962,,2.3995062,,,,,,,,,,,,,,,,
416,60.61,0.1369786,,2.7535123,,,,,,,,,,,,,,,,
417,56.28,0.1637748,,2.4673152,,,,,,,,,,,,,,,,
418,68.22,0.1487196,,2.9750742,,,,,,,,,,,,,,,,
419,91.47,0.2908746,,4.5689265,,,,,,,,,,,,,,,,
420,100.74,0.2437908,,5.0400222,,,,,,,,,,,,,,,,
421,70.53,0.1932522,,3.4651389,,,,,,,,,,,,,,,,
422,78.18,0.1766868,,3.823002,,,,,,,,,,,,,,,,
423,94.47,0.0812442,,4.1330625,,,,,,,,,,,,,,,,
424,82.98,0.0846396,,3.6668862,,,,,,,,,,,,,,,,
425,70.34,0.1892146,,3.2792508,,,,,,,,,,,,,,,,
426,61.82,,,,,,,,,,,,,,,,,,,
427,,,,,,,,,,,,,,,,,,,,
428,,,,,,,,,,,,,,,,,,,,
429,94.57,0.2657417,,4.7218801,,,,,,,,,,,,,,,,
430,90.56,0.2417952,,4.5533568,,,,,,,,,,,,,,,,
431,112.76,0.22552,,5.6515312,,,,,,,,,,,,,,,,
432,120.65,0.2087245,,6.112129,,,,,,,,,,,,,,,,
433,100.47,0.2250528,,5.1058854,,,,,,,,,,,,,,,,
434,56.26094491,,,,,,,,,,,,,,,,,,,
435,41.06590508,,,,,,,,,,,,,,,,,,,
436,35.69524444,,,,,,,,,,,,,,,,,,,
437,37.66012028,,,,,,,,,,,,,,,,,,,
438,43.68573953,,,,,,,,,,,,,,,,,,,
439,44.27520228,,,,,,,,,,,,,,,,,,,
440,48.40144155,,,,,,,,,,,,,,,,,,,
441,,,,,,,,,,,,,,,,,,,,
442,,,,,,,,,,,,,,,,,,,,
443,,,,,,,,,,,,,,,,,,,,
444,,,,,,,,,,,,,,,,,,,,
445,,,,,,,,,,,,,,,,,,,,
446,,,,,,,,,,,,,,,,,,,,
447,70.866522,,,,,,,,,,,,,,,,,,,
448,62.02458071,,,,,,,,,,,,,,,,,,,
449,,,,,,,,,,,,,,,,,,,,
450,,,,,,,,,,,,,,,,,,,,
451,,,,,,,,,,,,,,,,,,,,
452,,,,,,,,,,,,,,,,,,,,
453,,,,,,,,,,,,,,,,,,,,
454,,,,,,,,,,,,,,,,,,,,
455,,,,,,,,,,,,,,,,,,,,
456,,,,,,,,,,,,,,,,,,,,
457,,,,,,,,,,,,,,,,,,,,
458,,,,,,,,,,,,,,,,,,,,
459,,,,,,,,,,,,,,,,,,,,
460,,,,,,,,,,,,,,,,,,,,
461,52.85516012,,,,,,,,,,,,,,,,,,,
462,47.41900363,,,,,,,,,,,,,,,,,,,
463,41.65536783,,,,,,,,,,,,,,,,,,,
464,46.50206157,,,,,,,,,,,,,,,,,,,
465,68.05019996,,,,,,,,,,,,,,,,,,,
466,62.2210683,,,,,,,,,,,,,,,,,,,
467,45.06115262,,,,,,,,,,,,,,,,,,,
468,121.6131824,,,,,,,,,,,,,,,,,,,
469,68.92311036,,,,,,,,,,,,,,,,,,,
470,68.92311036,,,,,,,,,,,,,,,,,,,
471,79.65233344,,,,,,,,,,,,,,,,,,,
472,149.5867382,,,,,,,,,,,,,,,,,,,
473,88.85041173,,,,,,,,,,,,,,,,,,,
474,148.088781,,,,,,,,,,,,,,,,,,,
475,148.088781,,,,,,,,,,,,,,,,,,,
476,62.69632587,,,,,,,,,,,,,,,,,,,
477,48.99996877,,,,,,,,,,,,,,,,,,,
478,61.74584143,,,,,,,,,,,,,,,,,,,
479,61.74584143,,,,,,,,,,,,,,,,,,,
480,103.1464018,,,,,,,,,,,,,,,,,,,
481,68.4615038,,,,,,,,,,,,,,,,,,,
482,68.4615038,,,,,,,,,,,,,,,,,,,
483,84.69263218,,,,,,,,,,,,,,,,,,,
484,69.42721173,,,,,,,,,,,,,,,,,,,
485,66.81886923,,,,,,,,,,,,,,,,,,,
486,66.81886923,,,,,,,,,,,,,,,,,,,
487,88.55109346,,,,,,,,,,,,,,,,,,,
488,162.0602391,,,,,,,,,,,,,,,,,,,
489,141.7125446,,,,,,,,,,,,,,,,,,,
490,121.5102624,,,,,,,,,,,,,,,,,,,
491,136.1016429,,,,,,,,,,,,,,,,,,,
492,97.44447064,,,,,,,,,,,,,,,,,,,
493,86.98017227,,,,,,,,,,,,,,,,,,,
494,208.1834824,,,,,,,,,,,,,,,,,,,
495,93.88180405,,,,,,,,,,,,,,,,,,,
496,76.82395623,,,,,,,,,,,,,,,,,,,
497,101.0043869,,,,,,,,,,,,,,,,,,,
498,82.93893486,,,,,,,,,,,,,,,,,,,
499,96.0984319,,,,,,,,,,,,,,,,,,,
500,94.30895256,,,,,,,,,,,,,,,,,,,
501,72.28894151,,,,,,,,,,,,,,,,,,,
502,71.62160748,,,,,,,,,,,,,,,,,,,
503,78.53710442,,,,,,,,,,,,,,,,,,,
504,96.35800234,,,,,,,,,,,,,,,,,,,
505,67.30571241,,,,,,,,,,,,,,,,,,,
506,57.38587144,,,,,,,,,,,,,,,,,,,
507,57.38587144,,,,,,,,,,,,,,,,,,,
508,56.43409139,,,,,,,,,,,,,,,,,,,
509,88.65451709,,,,,,,,,,,,,,,,,,,
510,176.8646403,,,,,,,,,,,,,,,,,,,
511,179.5353506,,,,,,,,,,,,,,,,,,,
512,149.7678043,,,,,,,,,,,,,,,,,,,
513,102.0230251,,,,,,,,,,,,,,,,,,,
514,83.83813657,,,,,,,,,,,,,,,,,,,
515,94.84358579,,,,,,,,,,,,,,,,,,,
516,199.0737435,,,,,,,,,,,,,,,,,,,
517,187.3664735,,,,,,,,,,,,,,,,,,,
518,185.8784193,,,,,,,,,,,,,,,,,,,
519,49.04609521,,,,,,,,,,,,,,,,,,,
520,209.6426984,,,,,,,,,,,,,,,,,,,
521,85.26075372,,,,,,,,,,,,,,,,,,,
522,68.3987085,,,,,,,,,,,,,,,,,,,
523,64.96837675,,,,,,,,,,,,,,,,,,,
524,75.81976823,,,,,,,,,,,,,,,,,,,
525,74.97590066,,,,,,,,,,,,,,,,,,,
526,74.97590066,,,,,,,,,,,,,,,,,,,
527,140.5812222,,,,,,,,,,,,,,,,,,,
528,64.65380413,,,,,,,,,,,,,,,,,,,
529,1.43,0.006512976,,,,0.741,,,,,,,,,,,,,,
530,2.386666667,0.010674153,,,,1.273,,,,,,,,,,,,,,
531,1.66,0.007776809,,,,0.894,,,,,,,,,,,,,,
532,0.453333333,0.002430382,,,,0.192666667,,,,,,,,,,,,,,
533,2.5,0.011531792,,,,1.263,,,,,,,,,,,,,,
534,7.466666667,0.032838764,,,,4.349333333,,,,,,,,,,,,,,
535,6.466666667,0.031467906,,,,3.448,,,,,,,,,,,,,,
536,6.766666667,0.034369979,,,,3.606666667,,,,,,,,,,,,,,
537,0.96,0.004230877,,,,0.398333333,,,,,,,,,,,,,,
538,1.06,0.0047488,,,,0.402,,,,,,,,,,,,,,
539,11.86666667,0.056273517,,,,6.895333333,,,,,,,,,,,,,,
540,2.5,0.009628253,,,,0.900666667,,,,,,,,,,,,,,
541,4.38,0.018213861,0.386666667,,,1.867,,,,,,,,,,,,,,
542,4.776666667,0.015931399,0.333333333,,,1.602333333,,,,,,,,,,,,,,
543,19.36666667,0.077613522,2.8133,,,12.03666667,,,,,,,,,,,,,,
544,1.8,0.007957895,0.15,,,0.675666667,,,,,,,,,,,,,,
545,2.413333333,0.010302374,0.273333333,,,0.912333333,,,,,,,,,,,,,,
546,16.43333333,0.066621622,3.7067,,,11.57666667,,,,,,,,,,,,,,
547,25.96666667,0.103054416,3.6233,,,17.68333333,,,,,,,,,,,,,,
548,3.283333333,0.013225175,0.266666667,,,1.292666667,,,,,,,,,,,,,,
549,22.03333333,0.079811017,4.57,,,14.16,,,,,,,,,,,,,,
550,39.06666667,0.163521386,5.59,,,29.17333333,,,,,,,,,,,,,,
551,4.976666667,0.020950241,0.566666667,,,1.952333333,,,,,,,,,,,,,,
552,24.96666667,0.095734254,4.29,,,16.59,,,,,,,,,,,,,,
553,6.033333333,0.022083842,,,,2.455666667,,,,,,,,,,,,,,
554,34.03333333,0.13403494,5.68,,,25.27666667,,,,,,,,,,,,,,
555,3.966666667,0.013042311,,,,1.656666667,,,,,,,,,,,,,,
556,7.6,0.023449035,,,,2.830666667,,,,,,,,,,,,,,
557,31.1,0.108419763,6.2,,,20.72666667,,,,,,,,,,,,,,
558,23.1,0.077157876,6.26,,,14.93666667,,,,,,,,,,,,,,
559,37.33333333,0.135638373,3.91,,,25.87666667,,,,,,,,,,,,,,
560,4.0,0.012091491,,,,1.447666667,,,,,,,,,,,,,,
561,35.8,0.1253,3.7267,,,24.97666667,,,,,,,,,,,,,,
562,43.53333333,0.119125767,5.2333,,,30.42,,,,,,,,,,,,,,
563,3.966666667,0.014938792,,,,1.526,,,,,,,,,,,,,,
564,29.23333333,0.11507029,4.25,,,18.11,,,,,,,,,,,,,,
565,7.633333333,0.025838169,0.956666667,,,3.055,,,,,,,,,,,,,,
566,11.8,0.041991724,1.616666667,,,5.393,,,,,,,,,,,,,,
567,9.6,0.036560919,1.11,,,4.634666667,,,,,,,,,,,,,,
568,5.9,0.01666421,0.94,,,2.237,,,,,,,,,,,,,,
569,8.566666667,0.029155064,1.056666667,,,3.523666667,,,,,,,,,,,,,,
570,12.23333333,0.03872116,1.753333333,,,4.441,,,,,,,,,,,,,,
571,91.26666667,0.194275246,6.233333333,,,47.51,,,,,,,,,,,,,,
572,80.86666667,0.187799684,5.12,,,29.98,,,,,,,,,,,,,,
573,77.73333333,0.197476395,6.545,,,32.78666667,,,,,,,,,,,,,,
574,81.13333333,0.197081345,5.385,,,28.75666667,,,,,,,,,,,,,,
575,84.66666667,0.226333329,6.173333333,,,48.76666667,,,,,,,,,,,,,,
576,10.53333333,0.032134934,0.99,,,4.122,,,,,,,,,,,,,,
577,13.76666667,0.033674598,1.596666667,,,6.583333333,,,,,,,,,,,,,,
578,72.8,0.169702224,4.9,,,28.73,,,,,,,,,,,,,,
579,74.86666667,0.176037841,5.915,,,24.17333333,,,,,,,,,,,,,,
580,11.03333333,0.035700212,1.136666667,,,4.536666667,,,,,,,,,,,,,,
581,9.466666667,0.026920833,0.936666667,,,3.396333333,,,,,,,,,,,,,,
582,7.2,0.016654755,1.586666667,,,2.701333333,,,,,,,,,,,,,,
583,24.33333333,0.068133333,2.306666667,,,11.55366667,,,,,,,,,,,,,,
584,22.66666667,0.046648614,2.443333333,,,9.109333333,,,,,,,,,,,,,,
585,18.6,0.038688,1.466666667,,,5.817333333,,,,,,,,,,,,,,
586,25.7,0.047802,2.53,,,10.18566667,,,,,,,,,,,,,,
587,25.73333333,0.05018,2.186666667,,,7.668333333,,,,,,,,,,,,,,
588,46.79,0.09358,4.773333333,,,18.10166667,,,,,,,,,,,,,,
589,36.48,0.0514368,3.246666667,,,12.53966667,,,,,,,,,,,,,,
590,39.48,0.0746172,3.703333333,,,15.892,,,,,,,,,,,,,,
591,46.96,0.0784232,4.503333333,,,18.504,,,,,,,,,,,,,,
592,34.12,0.0675576,1.673333333,,,7.474666667,,,,,,,,,,,,,,
593,68.86666667,0.105366,3.443333333,,,20.17333333,,,,,,,,,,,,,,
594,70.13333333,0.100290667,5.51,,,23.95666667,,,,,,,,,,,,,,
595,52.11556852,,,,,,,,,,,,,,,,,,,
596,60.75462551,,,,,,,,,,,,,,,,,,,
597,86.54407713,,,,,,,,,,,,,,,,,,,
598,71.01643083,,,,,,,,,,,,,,,,,,,
599,96.8199023,,,,,,,,,,,,,,,,,,,
600,99.18446065,,,,,,,,,,,,,,,,,,,
601,86.08278238,,,,,,,,,,,,,,,,,,,
602,117.6924333,,,,,,,,,,,,,,,,,,,
603,88.20786574,,,,,,,,,,,,,,,,,,,
604,83.05687785,,,,,,,,,,,,,,,,,,,
605,93.55973156,,,,,,,,,,,,,,,,,,,
606,94.87974076,,,,,,,,,,,,,,,,,,,
607,116.2709635,0.209178056,,5.928574749,,,,,2.483172916,1.729865654,4.266456793,,,,,,,,,
608,130.8744681,0.196353359,,6.619845453,,,,,2.865810656,1.777343339,4.924739274,,,,,,,,,
609,54.52572446,0.141211463,,2.734857569,,,,,1.194204606,0.932949565,2.08568461,,,,,,,,,
610,60.3174621,0.133974457,,3.026744381,,,,,1.503946938,1.060478646,2.577432004,,,,,,,,,
611,64.5753989,0.125358123,,3.215431632,,,,,1.662264057,1.150837114,2.779953441,,,,,,,,,
612,77.99718088,0.184315458,,3.968374295,,,,,1.863756539,1.188486598,3.181362476,,,,,,,,,
613,75.00331382,0.168384307,,3.781098663,,,,,1.879956532,1.36513904,3.303383011,,,,,,,,,
614,55.57191916,0.141894093,,2.685283137,,,,,0.793992973,0.881456649,1.701959589,,,,,,,,,
615,42.62584994,0.134525494,,1.997282306,,,,,0.795104813,0.814447058,1.629239568,,,,,,,,,
616,53.78827514,0.139077422,,2.643355809,,,,,0.84219503,0.723456279,1.484155252,,,,,,,,,
617,100.4478292,0.252187906,,4.853172014,,,,,2.108112783,1.709644751,3.790989079,,,,,,,,,
618,100.4478292,0.252187906,,4.853172014,,,,,2.108112783,1.709644751,3.790989079,,,,,,,,,
619,100.4478292,0.252187906,,4.853172014,,,,,2.108112783,1.709644751,3.790989079,,,,,,,,,
620,47.0679522,0.136403999,,2.231953915,,,,,0.909229467,0.777089641,1.567680925,,,,,,,,,
621,59.77464065,0.174913683,,2.914949761,,,,,1.031953816,0.948647531,1.920918787,,,,,,,,,
622,77.24093562,0.218351852,,3.887066163,,,,,1.774254702,1.176435126,2.976880124,,,,,,,,,
623,78.8815043,0.222950376,,4.004189942,,,,,1.83183464,1.16722948,2.988450973,,,,,,,,,
624,80.90320753,0.234366779,,4.003328969,,,,,1.744480254,1.44756079,2.996240413,,,,,,,,,
625,118.2976546,0.260352164,,5.8937037,,,,,2.917553254,2.19635823,4.96343154,,,,,,,,,
626,81.97842731,0.23460788,,4.053194496,,,,,1.646820615,1.208146115,2.789722792,,,,,,,,,
627,64.13670137,0.179944623,,3.142151929,,,,,1.140169714,0.979859288,2.09263923,,,,,,,,,
628,142.9405604,0.253059753,,7.262771151,,,,,4.603541517,2.620648582,6.915763019,,,,,,,,,
629,83.93515606,0.250233245,,4.155231766,,,,,1.645366554,1.391321968,2.901191001,,,,,,,,,
630,66.40243765,0.197434946,,3.217392716,,,,,1.117546865,0.969759689,2.006255052,,,,,,,,,
631,90.75917372,0.270999469,,4.507329353,,,,,2.093610353,1.448112641,3.23091465,,,,,,,,,
632,62.33532097,0.160949649,,3.064977596,,,,,1.200475434,0.999532365,2.133068057,,,,,,,,,
633,129.1552529,0.191231878,,6.519220513,,,,,3.738683628,2.340390953,6.058080555,,,,,,,,,
634,71.30362507,0.186428312,,3.534060858,,,,,1.268533183,1.127118496,2.29791195,,,,,,,,,
635,115.5456136,0.194956925,,5.794776042,,,,,2.958369784,2.03594009,4.955274485,,,,,,,,,
636,70.35131679,0.176974126,,3.453213513,,,,,1.384226847,1.127151441,2.462587856,,,,,,,,,
637,65.98620943,0.182387222,,3.215446526,,,,,1.314826274,1.074389905,2.318150813,,,,,,,,,
638,92.64632905,0.186880959,,4.595008378,,,,,1.915003747,1.457576072,3.363902274,,,,,,,,,
639,92.64632905,0.186880959,,4.595008378,,,,,1.915003747,1.457576072,3.363902274,,,,,,,,,
640,57.2813962,0.156331459,,2.761353234,,,,,1.246802912,0.974357146,2.147046785,,,,,,,,,
641,213.4311478,0.323454093,,10.76344334,,,,,5.59460938,3.740109652,9.32210114,,,,,,,,,
642,213.4311478,0.323454093,,10.76344334,,,,,5.59460938,3.740109652,9.32210114,,,,,,,,,
643,47.03654178,0.122143405,,2.266997142,,,,,0.926932942,0.877435318,1.772838362,,,,,,,,,
644,195.4364499,0.265448802,,9.920565151,,,,,5.384034545,3.706367506,9.417744562,,,,,,,,,
645,65.64916158,0.147104048,,3.220595646,,,,,1.073466604,0.942360917,2.0259742,,,,,,,,,
646,65.64916158,0.147104048,,3.220595646,,,,,1.073466604,0.942360917,2.0259742,,,,,,,,,
647,181.462337,0.259590638,,9.276570771,,,,,4.762887971,3.395134824,8.507422401,,,,,,,,,
648,152.4745267,0.257878048,,7.617992591,,,,,4.170642546,2.362379066,6.33167217,,,,,,,,,
649,78.82691713,0.163942953,,3.788011887,,,,,1.208375789,0.951171428,2.171357998,,,,,,,,,
650,75.4190732,0.204264347,,3.815036402,,,,,2.291490065,1.565497573,3.157352952,,,,,,,,,
651,75.4190732,0.204264347,,3.815036402,,,,,2.291490065,1.565497573,3.157352952,,,,,,,,,
652,174.3938166,0.245344459,,8.913960345,,,,,5.332159955,3.742298622,9.229587238,,,,,,,,,
653,176.9866028,0.282617676,,9.116660138,,,,,5.459754537,3.612877968,9.33420675,,,,,,,,,
654,44.744606,0.109481742,,2.150436879,,,,,0.65869751,0.712873889,1.318946069,,,,,,,,,
655,43.039439,0.110741238,,2.099747791,,,,,0.636602392,0.678282595,1.269851511,,,,,,,,,
656,103.0503126,0.179830813,,5.117072289,,,,,1.783645117,1.63562297,3.42729718,,,,,,,,,
657,211.7160795,0.269518613,,10.70315034,,,,,5.557611156,4.208268226,9.970511368,,,,,,,,,
658,79.49063322,0.205740988,,3.959365746,,,,,1.955074824,1.439320358,2.772252876,,,,,,,,,
659,89.15026448,0.176129355,,4.404224286,,,,,1.797809589,1.441745982,3.178935617,,,,,,,,,
660,89.15026448,0.176129355,,4.404224286,,,,,1.797809589,1.441745982,3.178935617,,,,,,,,,
661,60.37391001,0.161179739,,2.930505616,,,,,1.202131448,0.940000471,2.083203708,,,,,,,,,
662,67.49751591,0.169393649,,3.335225068,,,,,1.259660662,0.992714442,2.227998413,,,,,,,,,
663,60.58838237,0.147999896,,2.980586639,,,,,1.136658172,0.917740951,2.007979574,,,,,,,,,
664,69.1005074,0.174452965,,3.366384428,,,,,1.401109417,1.019268942,2.374133396,,,,,,,,,
665,66.10178822,0.168379353,,3.249523527,,,,,1.261381476,0.979500658,2.214537422,,,,,,,,,
666,60.68528848,0.143840112,,3.010190831,,,,,1.128949462,0.899085775,1.998847688,,,,,,,,,
667,60.68528848,0.143840112,,3.010190831,,,,,1.128949462,0.899085775,1.998847688,,,,,,,,,
668,,,2.26,,,,,,,,,,,,,,,,,
669,,,2.26,,,,,,,,,,,,,,,,,
670,,,2.26,,,,,,,,,,,,,,,,,
671,,,2.26,,,,,,,,,,,,,,,,,
672,,,2.26,,,,,,,,,,,,,,,,,
673,,,2.26,,,,,,,,,,,,,,,,,
674,,,2.26,,,,,,,,,,,,,,,,,
675,,,2.26,,,,,,,,,,,,,,,,,
676,,,2.26,,,,,,,,,,,,,,,,,
677,,,2.26,,,,,,,,,,,,,,,,,
678,,,2.26,,,,,,,,,,,,,,,,,
679,,,2.26,,,,,,,,,,,,,,,,,
680,,,2.26,,,,,,,,,,,,,,,,,
681,,,2.26,,,,,,,,,,,,,,,,,
682,,,2.26,,,,,,,,,,,,,,,,,
683,,,2.26,,,,,,,,,,,,,,,,,
684,,,2.26,,,,,,,,,,,,,,,,,
685,,,2.26,,,,,,,,,,,,,,,,,
686,,,2.26,,,,,,,,,,,,,,,,,
687,38.1021609,,,,,,,,,,,,,,,,,,,
688,56.04920435,,,,,,,,,,,,,,,,,,,
689,76.67583357,,,,,,,,,,,,,,,,,,,
690,120.9500491,,,,,,,,,,,,,,,,,,,
691,155.0782857,,,,,,,,,,,,,,,,,,,
692,65.96573086,,,,,,,,,,,,,,,,,,,
693,57.75278426,,,,,,,,,,,,,,,,,,,
694,53.23925735,,,,,,,,,,,,,,,,,,,
695,96.87856799,,,,,,,,,,,,,,,,,,,
696,,,,,,,,,,,,,,,,,,,,
697,87.45050638,,,,,,,,,,,,,,,,,,,
698,44.22370043,,,,,,,,,,,,,,,,,,,
699,102.0408163,,,,,,,,,,,,,,,,,,,
700,38.82352941,,,,,,,,,,,,,,,,,,,
701,,,4.63,,65.74554747,,,,,,,,,,,,,,,
702,,,3.15,,46.18855082,,,,,,,,,,,,,,,
703,,,3.27,,53.02721606,,,,,,,,,,,,,,,
704,,,3.06,,49.65067322,,,,,,,,,,,,,,,
705,,,4.15,,50.27570456,,,,,,,,,,,,,,,
706,,,3.38,,61.67335252,,,,,,,,,,,,,,,
707,,,2.16,,53.5208849,,,,,,,,,,,,,,,
708,,,2.92,,47.26012656,,,,,,,,,,,,,,,
709,,,4.02,,48.12187954,,,,,,,,,,,,,,,
710,,,3.74,,60.61103364,,,,,,,,,,,,,,,
711,,,4.05,,54.762571,,,,,,,,,,,,,,,
712,,,5.1,,56.22811787,,,,,,,,,,,,,,,
713,,,3.46,,51.01485933,,,,,,,,,,,,,,,
714,,,3.2,,54.0817586,,,,,,,,,,,,,,,
715,,,3.68,,58.54097578,,,,,,,,,,,,,,,
716,,,3.13,,60.31687707,,,,,,,,,,,,,,,
717,,,3.19,,45.90054312,,,,,,,,,,,,,,,
718,,,3.63,,57.53261185,,,,,,,,,,,,,,,
719,,,4.22,,58.78560134,,,,,,,,,,,,,,,
720,,,3.95,,52.81878742,,,,,,,,,,,,,,,
721,,,4.43,,49.47843656,,,,,,,,,,,,,,,
722,,,4.53,,59.81592619,,,,,,,,,,,,,,,
723,,,4.8,,54.80064422,,,,,,,,,,,,,,,
724,,,5.0,,53.22413451,,,,,,,,,,,,,,,
725,,,4.09,,50.1361322,,,,,,,,,,,,,,,
726,,,,,,,,,,,,,,,,,,,,
727,,,,,,,,,,,,,,,,,,,,
728,,,,,,,,,,,,,,,,,,,,
729,,,,,,,,,,,,,,,,,,,,
730,,,,,,,,,,,,,,,,,,,,
731,,,,,,,,,,,,,,,,,,,,
732,,,,,,,,,,,,,,,,,,,,
733,,,,,,,,,,,,,,,,,,,,
734,,,,,,,,,,,,,,,,,,,,
735,,,,,,,,,,,,,,,,,,,,
736,,,,,,,,,,,,,,,,,,,,
737,,,,,,,,,,,,,,,,,,,,
738,,,,,,,,,,,,,,,,,,,,
739,,,,,,,,,,,,,,,,,,,,
740,,,,,,,,,,,,,,,,,,,,
741,,,,,,,,,,,,,,,,,,,,
742,,,,,,,,,,,,,,,,,,,,
743,,,,,,,,,,,,,,,,,,,,
744,,,,,,,,,,,,,,,,,,,,
745,,,5.38,,,,,,,,,,,,,,,,,
746,,,3.23,,,,,,,,,,,,,,,,,
747,,,4.39,,,,,,,,,,,,,,,,,
748,,,2.42,,,,,,,,,,,,,,,,,
749,,,,,,,,,,,,,,,,,,,,
750,,,,,,,,,,,,,,,,,,,,
751,,,,,,,,,,,,,,,,,,,,
752,,,,,,,,,,,,,,,,,,,,
753,,,,,,,,,,,,,,,,,,,,
754,,,,,,,,,,,,,,,,,,,,
755,,,,,,,,,,,,,,,,,,,,
756,,,,,,,,,,,,,,,,,,,,
757,,,,,,,,,,,,,,,,,,,,
758,,,,,,,,,,,,,,,,,,,,
759,,,,,,,,,,,,,,,,,,,,
760,,,,,,,,,,,,,,,,,,,,
761,,,,,,,,,,,,,,,,,,,,
762,,,,,,,,,,,,,,,,,,,,
763,,,,,,,,,,,,,,,,,,,,
764,,,,,,,,,,,,,,,,,,,,
765,,,,,,,,,,,,,,,,,,,,
766,,,,,,,,,,,,,,,,,,,,
767,,,,,,,,,,,,,,,,,,,,
768,,,,,,,,,,,,,,,,,,,,
769,,,,,,,,,,,,,,,,,,,,
770,,,,,,,,,,,,,,,,,,,,
771,,,,,,,,,,,,,,,,,,,,
772,,,,,,,,,,,,,,,,,,,,
773,,,,,,,,,,,,,,,,,,,,
774,,,,,,,,,,,,,,,,,,,,
775,,,,,,,,,,,,,,,,,,,,
776,,,5.4,,,,,,,,,,,,,,,,,
777,,,2.47,,,,,,,,,,,,,,,,,
778,,,2.28,,,,,,,,,,,,,,,,,
779,,,2.02,,,,,,,,,,,,,,,,,
780,,,,,,,,,,,,,,,,,,,,
781,,,3.77,,63.29451131,,,,,,,,,,,,,,,
782,,,4.5,,64.5861473,,,,,,,,,,,,,,,
783,,,0.68,,26.16702289,,,,,,,,,,,,,,,
784,,,5.36,,55.90340458,,,,,,,,,,,,,,,
785,,,4.75,,45.84740577,,,,,,,,,,,,,,,
786,,,4.16,,54.04418484,,,,,,,,,,,,,,,
787,,,4.07,,57.63933784,,,,,,,,,,,,,,,
788,,,4.01,,53.26113814,,,,,,,,,,,,,,,
789,,,5.44,,44.30209423,,,,,,,,,,,,,,,
790,,,4.09,,41.93525787,,,,,,,,,,,,,,,
791,,,4.61,,60.42876801,,,,,,,,,,,,,,,
792,,,3.75,,34.33614592,,,,,,,,,,,,,,,
793,,,3.96,,35.56677621,,,,,,,,,,,,,,,
794,,,4.11,,43.20740747,,,,,,,,,,,,,,,
795,,,4.37,,53.1255838,,,,,,,,,,,,,,,
796,,,2.86,,63.23588557,,,,,,,,,,,,,,,
797,,,1.79,,31.26831496,,,,,,,,,,,,,,,
798,,,4.47,,64.59811838,,,,,,,,,,,,,,,
799,36.3,0.0238,1.6,,53.31,,14.4,,,,,,,,,,,,,
800,49.8,0.1217,5.8,1.4021,56.02,,15.65,,,,,,,,,,,,,
801,50.0,0.1018,6.2,1.274,55.58,,15.45,,,,,,,,,,,,,
802,65.8,0.0223,3.8,1.0121,11.6,,2.12,,,,,,,,,,,,,
803,26.2,0.006942,0.2,0.102753,38.45,,8.51,,,,,,,,,,,,,
804,44.4,0.056895,3.7,0.916056,52.13,,13.87,,,,,,,,,,,,,
805,63.1,0.074807,3.3,1.221161,57.5,,16.36,,,,,,,,,,,,,
806,,,,,,,,,,,,,,,,,,,,
807,,,3.77,,,,,,,,,,,,,,,,,
808,,,5.24,,,,,,,,,,,,,,,,,
809,,,3.59,,,,,,,,,,,,,,,,,
810,,,3.65,,,,,,,,,,,,,,,,,
811,,,2.08,,,,,,,,,,,,,,,,,
812,,,1.13,,,,,,,,,,,,,,,,,
813,,,,,,,,,,,,,,,,,,,,
814,,,3.62,,,,,,,,,,,,,,,,,
815,,,4.46,,,,,,,,,,,,,,,,,
816,72.0,0.06278481,2.37,3.712151899,,6.94,,,,,,,,,,,,,,
817,73.0,0.071402715,2.21,3.781719457,,10.6,,,,,,,,,,,,,,
818,123.0,0.112516129,1.55,6.358064516,,11.2,,,,,,,,,,,,,,
819,158.0,0.137985075,1.34,8.105,,18.4,,,,,,,,,,,,,,
820,148.0,0.142586207,1.74,7.53862069,,15.1,,,,,,,,,,,,,,
821,90.0,0.084298643,2.21,4.68678733,,10.1,,,,,,,,,,,,,,
822,106.0,0.084965517,1.45,5.458965517,,9.26,,,,,,,,,,,,,,
823,31.0,0.040983607,0.61,1.436065574,,3.71,,,,,,,,,,,,,,
824,,,2.63,,,,,,,,,,,,,,,,,
825,102.0,0.09046875,1.28,5.100859375,,10.7,,,,,,,,,,,,,,
826,45.0,0.054672131,2.44,2.056557377,,7.54,,,,,,,,,,,,,,
827,131.0,0.145612648,2.53,6.856521739,,15.3,,,,,,,,,,,,,,
828,90.0,0.087368421,4.94,4.622773279,,8.43,,,,,,,,,,,,,,
829,96.0,0.099828179,2.91,4.844226804,,11.2,,,,,,,,,,,,,,
830,97.0,0.069913043,1.15,5.023304348,,9.5,,,,,,,,,,,,,,
831,29.0,0.047597173,2.83,1.307809187,,,,,,,,,,,,,,,,
832,213.0,0.194361702,0.94,10.83457447,,22.4,,,,,,,,,,,,,,
833,,,0.41,,,,,,,,,,,,,,,,,
834,48.30164061,0.154342278,,,,,,0.013615951,0.234340732,,,,,,0.001224787,0.067536967,,,,
835,38.36779529,0.124486219,,,,,,0.011374141,0.207913397,,,,,,0.003441374,0.057654226,,,,
836,55.58350587,0.188282444,,,,,,0.018120371,0.475589824,,,,,,0.017798483,0.086614826,,,,
837,47.24739056,0.140367262,,,,,,0.012002432,0.115515951,,,,,,0.004959847,0.055058481,,,,
838,87.07994841,0.229360117,,,,,,0.022515132,0.73406072,,,,,,0.041873954,0.099359629,,,,
839,100.8851383,0.235785058,,,,,,0.022427427,1.029783195,,,,,,0.075940793,0.109565724,,,,
840,108.967227,0.280300179,,,,,,0.012812559,2.012814538,,,,,,0.055543085,0.041856168,,,,
841,100.9190195,0.271564723,,,,,,0.01600309,1.368994416,,,,,,0.057264709,0.062999173,,,,
842,77.49862876,0.167348865,,,,,,0.014138647,1.109537375,,,,,,0.100928278,0.059192677,,,,
843,103.8626633,0.282013781,,,,,,0.017215055,1.779896262,,,,,,0.060297387,0.080412327,,,,
844,104.2343488,0.220744363,,,,,,0.011733153,1.767184919,,,,,,0.08150376,0.025099631,,,,
845,78.73706868,0.151024665,,,,,,0.015958195,1.004555598,,,,,,0.12336755,0.078955276,,,,
846,76.05501238,0.201870014,,,,,,0.014673526,1.450029545,,,,,,0.079525854,0.069380832,,,,
847,98.41945898,0.173848401,,,,,,0.014704228,1.413052046,,,,,,0.074034574,0.053604571,,,,
848,73.83571729,0.09589079,,,,,,0.013526561,0.713269222,,,,,,0.135492159,0.064461764,,,,
849,135.0490983,0.312074088,,,,,,0.02152534,1.908518403,,,,,,0.090893449,0.077618657,,,,
850,,,2.81,,18.03380783,8.529537367,4.891103203,,,,,,,,,,,,,
851,,,3.25,,16.41046154,7.851076923,4.624615385,,,,,,,,,,,,,
852,,,1.7,,18.54176471,8.393529412,5.736470588,,,,,,,,,,,,,
853,,,6.18,,28.0420712,9.842394822,6.62184466,,,,,,,,,,,,,
854,,,5.97,,23.03969849,8.593467337,6.060971524,,,,,,,,,,,,,
855,,,3.98,,15.88165829,8.961809045,4.85678392,,,,,,,,,,,,,
856,,,5.49,,17.07850638,6.83715847,5.849180328,,,,,,,,,,,,,
857,,,4.56,,35.33947368,8.527850877,8.546491228,,,,,,,,,,,,,
858,,,3.7,,31.60864865,9.467567568,8.279189189,,,,,,,,,,,,,
859,,,3.21,,29.5635514,13.9165109,7.549844237,,,,,,,,,,,,,
860,,,2.74,,24.87992701,6.815328467,6.654379562,,,,,,,,,,,,,
861,,,4.36,,34.97889908,9.521788991,8.45733945,,,,,,,,,,,,,
862,,,6.6766,,,,,,,,,,,,,,,,,
863,,,1.91141,,,,,,,,,,,,,,,,,
864,,,1.91141,,,,,,,,,,,,,,,,,
865,,,1.41335,,,,,,,,,,,,,,,,,
866,,,0.277856,,,,,,,,,,,,,,,,,
867,,,0.863513,,,,,,,,,,,,,,,,,
868,,,6.361553,,,,,,,,,,,,,,,,,
869,,,6.361553,,,,,,,,,,,,,,,,,
870,,,5.566717,,,,,,,,,,,,,,,,,
871,,,7.389823,,,,,,,,,,,,,,,,,
872,,,0.990792,,,,,,,,,,,,,,,,,
873,,,3.29419,,,,,,,,,,,,,,,,,
874,,,0.881455,,,,,,,,,,,,,,,,,
875,,,1.6075,,,,,,,,,,,,,,,,,
876,,,1.6075,,,,,,,,,,,,,,,,,
877,,,1.285492,,,,,,,,,,,,,,,,,
878,,,0.914149,,,,,,,,,,,,,,,,,
879,,,1.517243,,,,,,,,,,,,,,,,,
880,,,4.327573,,,,,,,,,,,,,,,,,
881,,,3.538747,,,,,,,,,,,,,,,,,
882,,,3.538747,,,,,,,,,,,,,,,,,
883,,,1.213964,,,,,,,,,,,,,,,,,
884,,,1.213964,,,,,,,,,,,,,,,,,
885,,,3.31022,,,,,,,,,,,,,,,,,
886,,,4.03829,,,,,,,,,,,,,,,,,
887,,,2.41943,,,,,,,,,,,,,,,,,
888,,,2.45231,,,,,,,,,,,,,,,,,
889,,,2.6282,,,,,,,,,,,,,,,,,
890,,,3.69836,,,,,,,,,,,,,,,,,
891,,,3.69836,,,,,,,,,,,,,,,,,
892,,,3.69836,,,,,,,,,,,,,,,,,
893,,,2.376873,,,,,,,,,,,,,,,,,
894,,,5.011747,,,,,,,,,,,,,,,,,
895,,,,,,,,,,,,,,,,,,,,
896,85.35929196,0.153638502,,4.876281648,25.32004826,8.267945829,5.523736292,,1.818878919,0.647788795,2.498975106,,3.160133806,0.031742455,,,0.000146873,4.15e-05,0.010967692,0.00343373
897,83.41374433,0.151387044,,4.199599707,38.11434253,9.609933529,8.207338166,0.010622601,2.522873453,1.819596181,4.242392009,,1.667258857,0.015189084,0.120078731,0.062040041,0.000293776,4.04e-05,0.01154741,0.002081006
898,64.10583725,0.177378248,,3.53369074,40.79518497,7.779391638,7.65169759,0.013710022,2.057213761,1.103408562,3.122084752,,1.531512503,0.007834507,0.068555535,0.085901122,0.00022109,4.12e-05,0.013041203,0.001888073
899,137.7572922,0.226087366,,7.552403665,,21.14456899,,0.021600212,1.931026855,2.510437687,4.365530797,,2.993035359,0.01260814,0.053652959,0.116024926,0.00025643,7.71e-05,0.013699372,0.003008045
900,92.12619616,0.224413073,,5.02425377,44.64892821,10.76876281,8.954600585,0.01285572,3.253984434,1.897835244,4.836998508,,2.128102223,0.01729926,0.064677913,0.082022856,0.000310632,5.23e-05,0.013391194,0.003035833
901,179.7746998,0.316537433,,9.826031007,,25.92852046,,0.026143124,2.91597442,2.713125073,5.202815819,,4.136596159,,0.102291932,0.137251361,0.000326984,0.000105777,0.017702957,0.004543959
902,111.8998973,0.241968399,,5.548075019,30.04545836,13.0251717,6.565742353,0.019874276,,1.137115383,1.093130219,,2.070690368,0.045926644,0.206528618,0.148237658,0.000676403,5.81e-05,0.01529753,
903,88.55769533,0.152363675,,4.95801991,31.58187363,10.16510367,6.566208533,0.00275855,1.052555441,1.010772659,1.974397714,,3.407692985,0.037872205,0.056079943,,0.0002965,6.68e-05,0.005817598,0.002911211
904,111.1435559,0.289034506,,6.20384592,56.96854369,10.81159044,10.49436907,0.003836614,3.069648471,2.749073624,5.598776482,,2.876379153,0.010793135,,0.086296185,0.000570838,0.000107757,0.007815467,0.002885782
905,97.07438764,0.24502102,,5.275499237,54.4620743,9.44219112,9.818606906,0.008309671,2.497237771,2.203688282,4.811472628,,2.269308328,0.01841026,0.043371103,0.104347571,0.000469382,8.76e-05,0.009303737,0.001984381
906,90.35612872,0.238489859,,4.828839284,42.70831406,8.232897097,8.334946413,0.014451283,1.356983536,1.351011991,3.234392505,,2.287555916,0.037786642,0.175572127,0.078028773,0.000400044,6.77e-05,0.01803697,0.003123867
907,94.54564536,0.198141337,,5.011148022,44.51467969,12.39717252,8.597103588,0.002754535,2.605510195,2.240981231,4.904262332,,2.384714123,0.021196626,0.073109979,0.084374828,0.000524977,7.53e-05,0.005749167,0.002050931
908,88.56905962,0.2136479,,4.667723931,48.42745711,9.29138472,9.37093241,0.009933133,1.902016999,2.064886732,3.705137307,,1.880246283,0.016283139,,0.072623197,0.000277299,5.86e-05,0.011923862,0.002660836
909,75.34225541,0.135924056,,4.199320223,41.7844025,10.96568496,7.891814386,0.003993515,2.50716795,1.446191094,4.128552967,,2.341691984,0.015845758,0.113051749,0.042452645,0.000266964,5.47e-05,0.00730187,0.003448427
910,79.0803573,0.195812809,,4.042701027,48.7372691,9.511808832,9.258683473,0.008147374,1.817279396,1.686360033,3.495572201,,1.656890337,0.01719761,0.017063771,0.066747449,0.000256747,5.24e-05,0.009760421,0.003016449
911,79.88502748,0.181697302,,4.497679224,55.07575372,10.48095354,9.748940183,0.012013516,2.315125983,1.499737729,3.855687211,,1.774725206,0.014933819,0.080724597,0.062846911,0.00032823,6.2e-05,0.010602477,0.001678475
912,94.05149093,0.231000737,,4.847198093,51.57471504,10.50541381,9.690664594,0.010522712,1.918183907,1.809533865,4.174581463,,2.055285875,0.041683728,0.148367695,0.078339272,0.000472994,6.71e-05,0.013640425,0.00372962
913,87.92310799,0.24054372,,4.859046838,61.06004937,10.53284747,10.68779447,0.010222397,2.538282792,2.010686088,4.68030143,,1.978049938,0.011886374,0.040570137,0.093247518,0.000395178,7.92e-05,0.011397886,0.002339734
914,69.34781722,0.211589562,,3.486617561,46.21789514,9.965371806,9.269724017,0.011884925,0.517429076,1.135602881,1.949730348,,1.705364376,0.030854979,0.16428132,0.080385948,0.00034685,5.93e-05,0.013646443,0.003087448
915,75.42588496,0.177448589,,3.684323227,54.46659706,14.10317206,10.24163224,0.004921503,0.358596879,1.140952401,1.28642693,,1.309216629,0.034622656,0.201670973,0.063969267,0.000512897,6.38e-05,0.009016373,0.001211309
916,66.07669952,0.193028776,,3.635795468,59.47687438,6.735509361,10.71983312,0.007924373,1.958249078,0.74545634,2.881163644,,1.943493698,0.008132333,0.076089974,0.053927176,0.000200914,5.08e-05,0.012545083,0.002306397
917,69.17741508,0.166697848,,3.507170601,52.70225833,9.140179277,9.51833685,0.007674211,1.128831408,1.455246266,2.515208193,,1.320990767,0.014624836,0.020495097,0.068351773,0.000241716,4.86e-05,0.008939166,0.001576037
918,97.89326644,0.282669313,,5.423033797,67.55324286,7.324308879,12.33876389,0.013067833,2.147972185,1.04884746,3.747377408,,3.341453026,0.03805092,0.143541355,0.058059522,0.00035129,7.26e-05,0.015292936,0.00521928
919,57.88311242,0.154236681,,2.951288333,58.58625897,10.25844195,10.97102287,0.009985675,0.637513244,0.586728471,1.987373157,,1.433281668,0.016403677,0.079146146,0.0806129,0.000232395,4.11e-05,0.009326323,0.001110449
920,154.9340571,0.18617541,,9.38816154,50.13762817,18.49194519,10.25217334,0.012113502,4.885809269,0.958589445,6.086578086,,6.983153795,0.031481425,0.069739437,0.015287072,0.000392238,5.07e-05,0.010332763,0.00688984
921,300.3065,0.224481617,,17.49489651,52.52532078,45.896617,16.59299026,,10.40276171,5.743372281,18.27826858,,7.013994441,0.052501655,0.218802472,,0.00055697,9.51e-05,0.022016939,0.009813124
922,214.05567,0.331940365,,12.37637084,50.40227995,35.248612,15.31116676,0.0209544,6.588183301,3.788709872,11.657487,,5.276835925,0.029398088,0.056774616,0.102498298,0.000317943,7.01e-05,0.026539381,0.007924631
923,124.5077349,0.202433426,,6.588303655,49.05452431,11.38156769,9.496947482,0.00355512,2.995569726,2.465025668,5.50717935,,3.564422051,0.029819747,0.07277843,0.088959606,0.000510873,8.6e-05,0.003326376,0.002222559
924,165.0152016,0.219223253,,8.693911615,52.00569363,13.12643304,10.55484527,,5.065772887,5.23794674,9.742979446,,3.46762547,0.020321489,,0.124029061,0.000496037,8.81e-05,0.007661895,0.004549666
925,113.4876395,0.172907979,,6.25216125,41.40839532,11.8101495,8.992383427,0.004378561,2.093550148,1.191964091,3.025682818,,4.567040777,0.037850708,0.07619494,0.041760402,0.000407419,7.27e-05,0.003366229,0.00374429
926,244.0817,0.350886858,,14.16461501,52.48538593,36.738909,18.04086266,0.028878526,6.316032788,3.389151666,10.48055697,,6.466364162,0.022400093,0.073574602,0.132503652,0.0003055,9.11e-05,0.027873883,0.00747732
927,129.3882472,0.267562192,,7.088420802,53.5585922,10.02229667,10.87694587,0.01164239,4.575715231,2.764610249,7.944142043,,2.833163282,0.022084193,0.094657437,0.134579935,0.000355531,8.53e-05,0.01769837,0.006742654
928,107.7522507,0.225443926,,5.643038557,47.54309584,9.141173655,9.74300248,0.006183622,2.193844385,2.464204761,4.16287987,,2.234709699,0.01108717,,0.105929673,0.000424026,7.24e-05,0.008626054,0.003129256
929,132.7270192,0.279246632,,7.156079047,57.42044121,13.04428111,10.86997302,0.003764822,3.475760019,3.578945596,6.698512878,,2.771871658,0.022352266,0.042100767,0.114745606,0.000631355,0.000107217,0.010421435,0.003993329
930,193.878911,0.355219423,,10.45107676,69.29799378,24.61842955,12.96354703,0.02878137,5.926054617,6.363700776,11.30257278,,1.341326259,0.045623999,0.13720783,0.246842413,0.000564264,0.000103733,0.049722823,0.00217643
931,120.6745824,0.235403695,,6.408874654,51.11052679,9.08347962,10.06260324,0.010083319,3.05412581,2.709337807,5.448171053,,2.975286642,0.032183895,0.05377291,0.08891534,0.000472413,8.58e-05,0.009199588,0.002730085
932,118.4233361,0.177867751,,6.048766317,31.35479735,7.058610169,8.044832989,0.000339189,3.369509968,2.896796283,6.015681483,,3.328376761,0.02288894,0.013104144,0.050704979,0.000280446,6.42e-05,0.005853218,0.005718803
933,113.9952723,0.220156881,,5.966726757,42.10573902,6.872205295,8.458755304,0.007063323,2.738387563,2.381928625,4.606510386,,3.103460645,0.02774882,0.049048107,0.03946211,0.000363282,6.89e-05,0.010610442,0.005041164
934,128.320788,0.164721253,,7.053133376,32.87725993,9.190383327,7.152050636,,4.892725877,2.8275845,7.744491636,,4.277731114,0.012201139,,,0.000340621,5.34e-05,,0.004194262
935,137.891136,0.12598918,,7.931189174,43.163965,17.23887028,9.075266462,,,2.223011386,3.553829874,,4.471402136,0.026753281,0.128635132,,0.00041802,6.66e-05,,0.005686242
936,199.9334171,0.317075456,,10.18251305,77.10612089,25.18954235,15.11280476,0.023314564,4.308335273,3.445239632,6.776051905,,4.160090956,0.038989596,0.31172291,0.16116819,0.000553532,0.000116267,0.026483894,0.005465484
937,352.3646084,0.512012045,,18.99931372,,45.13904129,,0.049673492,10.08942867,8.717604225,21.01925795,,7.481965037,,,0.320881964,0.000245365,0.000171064,0.03789774,0.00662239
938,148.4026588,0.208781227,,7.281643251,26.76353188,,6.846562373,0.019783455,,2.471840771,2.752107166,,1.69846648,0.071103689,0.275002969,0.394998285,0.000711457,0.000103016,0.034298291,0.001958365
939,129.3781376,0.167685219,,6.569837397,32.23841061,,8.265540911,0.030419958,,2.606527684,4.402071733,,,0.059936996,0.320140991,0.165829066,0.000401411,9.6e-05,0.03894514,0.00148868
940,125.5731232,0.232483147,,6.110815805,20.55456447,,6.939675141,0.025928434,,1.749998805,,,1.483235761,0.072808339,0.182074101,0.329988354,0.000448147,8.07e-05,0.040442619,
941,129.842819,0.269848445,,6.757616918,35.93578567,,7.799244177,0.01346411,3.211276751,2.437373725,5.759335104,,3.327674688,0.056560285,0.253137485,,0.000661455,7.55e-05,0.016495811,0.00236813
942,89.76475153,0.273120126,,4.705941413,31.05179701,,6.690461634,0.012094517,1.988505091,1.580650339,2.740622893,,2.300821299,0.042030105,0.206673232,0.223402156,0.000448058,7.88e-05,0.019966859,0.003765001
943,96.98625051,0.244264257,,5.130794238,31.60245929,10.81670861,6.476177867,0.016704763,1.964441924,1.723400408,3.748982758,,2.310065268,0.029622296,0.167143122,0.093127908,0.000309922,7.54e-05,0.01646984,0.004230687
944,141.87499,0.220301249,,7.606556538,11.56937051,22.155533,,0.023371327,1.677331823,1.28124221,2.112136892,,3.672349739,0.00995715,0.068903055,0.020411592,0.000132661,6.05e-05,0.013106794,0.004460582
945,94.98011126,0.238845592,,4.88393202,38.96342535,6.446840161,7.564873418,0.011606982,2.728353671,1.492255617,4.340624607,,2.403468129,0.018668637,0.14612383,0.06349989,0.000467839,7.96e-05,0.009292671,0.002174649
946,154.92452,0.176982224,,8.726116009,,16.329488,,,4.975633917,2.850215043,8.640202937,,3.526064976,0.025123158,0.115973054,,0.000406856,6.5e-05,0.010892984,0.005410962
947,324.5416751,0.405961981,,18.18111497,49.71652631,32.32537692,,0.026478126,10.62707908,6.52745914,16.63056996,,9.024223859,0.049937499,0.352592072,,0.000632966,0.000115947,0.036078812,0.012454533
948,92.31448952,0.204153611,,4.707920978,38.10504263,10.03232692,7.192534205,0.007989241,1.841281719,2.089330806,3.949915834,,1.968423397,0.020307248,0.050717604,0.097434592,0.000366593,7.03e-05,0.006850489,0.001715273
949,82.61599883,0.209301546,,4.474434001,38.70640659,7.036015879,6.714077529,0.008593444,2.108503288,1.240196257,2.975817006,,2.538070545,0.018299743,0.118337348,0.046760285,0.000423045,7.01e-05,0.00643311,0.001163547
950,90.40508653,0.245474522,,5.11711915,42.59405548,6.835537713,7.52916741,0.00670449,2.932828703,1.484380758,3.986849824,,3.047737471,0.014087089,0.078633566,0.01912053,0.000485735,8.29e-05,0.006951092,0.002379057
951,254.1850726,0.47100413,,14.53374302,39.64543562,29.86478075,14.96612593,0.041039526,6.107678478,3.411388755,9.309366729,,5.921119278,0.029431996,0.243585612,0.102717835,0.000833599,0.000109955,0.039744305,0.005863514
952,295.21602,0.434454028,,14.98722428,31.10810449,38.057316,18.33145383,0.007378147,8.328764874,7.236748538,14.7675006,,8.718156204,,,0.135581295,0.000547802,0.000156941,0.006352155,0.00584416
953,256.78607,0.350360182,,14.7567759,38.53053433,36.075033,15.67623023,0.030156499,8.522600387,4.764786098,13.80842826,,5.188632398,0.003406605,0.032781266,0.148030318,0.000388199,9.7e-05,0.030892734,0.006691796
954,78.28839148,0.202779704,,4.363678258,40.08323377,6.97580154,7.225571569,0.010778908,2.145672066,0.773372612,2.972745271,,2.455511051,0.013100307,0.082012658,0.03776931,0.000291628,5.68e-05,0.009811087,0.001947795
955,100.6692868,0.188634359,,5.470111863,37.63793582,8.853323487,7.394596837,0.003057382,1.12094611,1.175882606,2.204310121,,3.843543167,0.042196265,0.036313966,0.001674584,0.000282946,6.36e-05,0.007344018,0.003635601
956,114.2535,0.291535066,,5.923812248,33.00745895,17.45452,10.17224287,0.014545532,2.774782456,2.34604669,5.608066261,,3.16356321,0.019999225,0.009193135,0.094060532,0.000217774,6.91e-05,0.013884173,0.001844735
957,62.04788888,0.12219021,,2.969199338,28.42045539,8.039175384,5.930941375,0.007895879,0.828776484,1.395082695,2.222857149,,1.131932987,0.029076419,0.167632248,0.072823679,0.000315074,4.81e-05,0.007161953,0.001200873
958,65.70151435,0.166133344,,3.413882237,36.63460343,8.302629621,7.309576816,0.009079506,1.328789362,1.395530561,2.581434186,,1.505081349,0.011729894,0.023572253,0.065769327,0.000221031,5.11e-05,0.007008482,0.000871009
959,73.98619126,0.220117721,,4.169361292,54.00599699,7.893275356,9.040524126,0.009990876,1.850771627,0.904833617,2.535770634,,2.679525188,0.009463019,0.041845694,0.036611634,0.00027368,6.3e-05,0.008555599,0.001289181
960,70.04413806,0.156702135,,3.515990682,39.00846095,9.9052125,7.74937867,0.00325094,0.851477037,0.951886678,1.873897796,,1.587970623,0.019782675,0.094156936,0.059975623,0.000427471,7.42e-05,0.004486993,0.001434265
961,54.75240775,0.097395386,,2.803828011,32.42617173,5.862585427,6.759671992,0.004793835,0.873592793,0.868419875,1.789576471,,1.186743061,0.007843142,0.033264217,0.040930876,0.000188492,2.99e-05,0.005240887,0.001485285
962,76.60360865,0.217703022,,3.812028434,46.12168852,10.77772223,8.896239997,0.017264015,0.991801123,1.331526912,2.423325807,,1.438494618,0.033725518,0.232457941,0.101949761,0.000421156,6.45e-05,0.017000897,0.001633995
963,69.91433227,0.175553616,,3.658894433,45.26562173,7.847555289,8.397193861,0.004667978,1.330873162,1.289224187,2.450932889,,1.853963293,0.016469917,0.023187639,0.04796382,0.000345833,5.71e-05,0.004220364,0.001899986
964,61.72932429,0.14712679,,2.925242294,48.15652392,8.320743788,8.830864596,0.013152358,0.696540927,1.448806322,2.063490329,,0.785549405,0.026824843,0.177598887,0.098767698,0.000310488,5e-05,0.011336202,0.000895339
965,83.73160236,0.210408024,,4.328465267,28.37738912,8.677497216,6.020147424,0.011546803,1.185837131,1.282625874,2.50572984,,2.221005325,0.023165421,0.08273366,0.064254552,0.000330451,6.4e-05,0.008876345,0.001098787
966,404.2803,0.389758784,,22.17841412,48.48994062,34.410165,,0.018760343,9.250248538,8.119896246,18.14641223,,6.573101808,0.085816767,0.741691385,0.061392242,0.002337891,0.0001548,0.030498243,0.005209739
967,100.8751901,0.086528651,,4.438121979,,7.810913591,3.958901443,0.003363813,1.887947655,3.143291017,5.706309873,,1.031723311,0.00644757,,0.131393742,0.000224585,3.36e-05,0.001638853,
968,83.45736792,0.109659425,,3.820950234,26.98759064,8.562549888,5.741659477,0.006473675,1.378791446,2.642031939,4.293504093,,0.811722914,0.010249646,0.008286733,0.128261172,0.000134497,3.66e-05,0.007809875,
969,124.5092838,0.221361817,,6.579525459,46.09915175,13.14729034,8.918686416,0.019455529,0.399574157,1.16332872,2.277345791,,3.369932122,0.032565953,0.165768353,0.211987564,0.000221443,0.000101795,0.011245784,0.000920854
970,127.3819144,0.16427843,,6.199579078,23.03496927,,5.808560294,0.015351761,3.251058495,3.410598688,8.207587397,,1.479820165,0.021327945,0.059176676,0.178294331,5.7e-05,4.36e-05,0.016892889,0.001346295
971,70.43100236,0.063147784,,3.260447428,30.66991158,10.8194103,6.290126705,0.007887579,1.64856047,1.934273027,4.499662697,,0.717788803,0.012753737,0.056666777,0.073701524,3.13e-05,1.98e-05,0.006571146,0.000478078
972,97.17682022,0.206954978,,5.281982956,48.70566141,11.89327515,8.952130197,0.012028104,2.337264704,2.134899622,4.187923923,,2.193264757,0.018918,0.08094708,0.072814186,0.000429255,7.74e-05,0.009375984,0.001192503
973,69.67448029,0.066496687,,3.037169048,32.58728918,9.890554442,6.569044864,0.004190275,1.291969177,2.160131006,4.025395672,,0.706016132,0.00547523,,0.099815872,0.000141194,2.34e-05,0.002020901,
974,99.99166203,0.192860361,,5.063708713,41.16818092,11.4070925,8.475199532,0.00929805,1.127020468,1.808901143,2.796160989,,1.703049577,0.02036435,0.116867302,0.130068127,0.00054253,7.79e-05,0.005941673,
975,71.28572406,0.064145522,,3.256449451,31.08832389,11.28732094,6.405994119,0.004073282,1.261451494,2.168476831,3.958744949,,0.772435161,0.005053295,,0.080653409,0.000144522,2.63e-05,0.002350439,
976,63.49363116,0.09413828,,2.944076805,33.17318532,11.44239934,6.726797636,0.004826434,1.257248917,1.80087763,3.572211428,,0.784133296,0.007810669,0.003364688,0.089960125,0.000178049,2.96e-05,0.00404803,
977,83.88331428,0.156978674,,4.416371201,33.74224431,12.49474003,6.945215156,0.004412315,1.911835881,1.838891255,3.757945395,,2.210480718,0.016665415,0.08076405,0.055863549,0.000359801,6e-05,0.006302345,0.001279042
978,78.37630938,0.08002495,,3.540835372,29.27034408,11.37496292,6.333595696,0.005574238,1.577861141,2.420975737,4.804112521,,0.965295214,0.005368675,0.001591237,0.106457883,9.93e-05,2.76e-05,0.004016999,
979,70.10757716,0.107716938,,3.18704832,36.81809814,14.38908831,7.473569251,0.007522101,0.715651307,1.726558764,2.7464358,,0.627806506,0.024611349,0.109734185,0.131320081,0.000319467,4.12e-05,0.008660334,
980,85.19627613,0.143262473,,4.305994935,31.53713808,10.0744978,7.247623256,0.010272958,0.910589777,0.607245749,1.730085635,,1.969770835,0.029577628,0.0656639,0.071103544,0.000324013,3.74e-05,0.010869504,0.001445475
981,70.89411606,0.12881898,,3.78120832,38.82161074,11.46150928,7.501449755,0.002298384,1.738059721,1.450811588,3.099631362,,2.21413383,0.014650987,0.059303658,0.035061807,0.000280997,5.34e-05,0.004152992,0.001542164
982,73.55695767,0.233860198,,3.65024412,42.68088856,7.829762,8.75089462,0.020287382,1.637052898,1.357540799,2.839234624,,1.290740906,0.017033852,0.143474107,0.144674921,0.000423684,4.87e-05,0.015539473,
983,73.30963678,0.213014217,,3.439306541,30.93598877,8.191144281,7.198683199,0.007019025,3.875982099,2.32147867,5.1923935,,2.74240942,0.027978678,0.097384489,,7.99e-05,6.32e-05,0.013525815,0.008891328
984,55.08680154,0.074286818,,2.469256661,30.81777137,10.2959325,6.80029625,0.005570628,0.834899578,1.889502945,2.979033426,,0.460541903,0.002971728,,0.102579335,6.33e-05,2.31e-05,0.005935208,
985,93.91076638,0.205446249,,4.579564623,55.06897389,14.18382326,10.00806222,0.01010311,0.918407642,1.728551572,2.357577794,,2.456559943,0.024595034,0.144826464,0.137004268,0.000392796,8.16e-05,0.007981275,0.000824768
986,82.80603179,0.141991932,,3.860358262,35.95132517,18.11086791,8.282072037,0.007492097,0.422066229,1.795648442,2.280029909,,1.048004457,0.025133277,0.119897673,0.176679883,0.000388383,6.61e-05,0.007315535,0.001069908
987,69.61026139,0.101020512,,3.107872285,31.73553447,6.562819702,7.108819471,0.008243774,1.220274449,1.921004082,3.693798079,,0.905469305,0.010011011,0.02354071,0.108923772,0.000137845,3.12e-05,0.005949356,
988,61.25137334,0.106743893,,2.782977254,53.61911901,18.53986176,10.84840884,0.004873687,0.728237821,1.734985994,2.69631737,,0.667606422,0.007543535,0.004361844,0.117261599,0.000159675,3.17e-05,0.005297091,
989,62.78417582,,,,65.33955863,14.93368814,12.02096233,,,,,,,,,,,,,
990,108.6119793,0.155818872,,5.009673847,21.89921685,5.665737208,5.46816503,0.006744586,1.86468865,3.913489472,6.140784116,,0.852672886,0.002745893,,0.17937716,0.00017475,5.42e-05,0.010425986,
991,74.37315065,0.12425519,,3.525191032,27.26611734,11.54336024,6.667456509,0.00919219,1.134864471,2.03780039,3.602608928,,0.836652935,0.009100888,0.01749143,0.112185128,0.00021526,4.02e-05,0.007499043,
992,114.4400217,0.124413518,,5.33415113,39.02659455,35.45998305,8.585517723,0.011635376,1.707515654,3.946955629,5.886045192,,0.975770677,0.028086998,0.169513843,0.169151807,0.000304217,3.57e-05,0.018622559,
993,76.87863061,0.104988319,,3.637232531,,18.37052965,,0.010186912,0.762868646,1.569868771,2.281326752,,1.27675607,0.03086789,0.095710422,0.156142161,0.000289986,5.59e-05,0.00707509,
994,88.8873007,0.107866437,,4.088497791,,22.13844072,,0.009787858,0.962671066,2.199849391,3.175503777,,1.384429245,0.023727287,0.054203936,0.177114398,0.000204076,5.11e-05,0.008130573,
995,60.28667473,0.098356778,,2.930724946,,12.28469401,,0.009262815,,1.315331298,1.703206469,,0.93104847,0.020788889,0.049135574,0.135216397,0.000134979,3.91e-05,0.011962356,
996,69.14376958,0.081810901,,3.202540268,,13.50856131,,0.007334463,1.089628505,1.802267346,3.035299042,,1.039370795,0.017781272,0.057043122,0.111888826,0.000172639,4.16e-05,0.004550095,
997,65.83819683,0.185806974,,3.079812616,,15.0886091,,0.01341523,0.544521824,1.42634305,1.806681286,,0.842004626,0.026515217,0.064930152,0.147454536,0.000216636,5.42e-05,0.014912257,
998,53.88142609,0.065101627,,2.390483558,,12.73618488,,0.00692911,0.683661056,1.477700197,2.383430306,,0.684634068,0.009991502,,0.096046338,,2.77e-05,0.00525236,
999,56.69718321,0.100136588,,2.793553193,,9.240220966,,0.008380116,1.106481367,1.329113882,2.470658756,,1.274615288,0.014505796,0.05875361,0.063233557,0.000163026,3.7e-05,0.005849828,0.000532472
1000,79.05547456,0.124384984,,3.891223735,,11.51419936,,0.013484089,0.599851804,1.240041045,2.054555617,,1.591381063,0.02591216,0.064628235,0.090152404,0.000193393,4.39e-05,0.011544433,
1001,178.89876,0.189584042,,10.39965123,33.16894754,25.14842,11.90095906,0.013563896,4.756805816,2.167876103,8.340468302,,4.153293711,0.019988482,0.112759603,0.068657371,0.000285169,6.51e-05,0.022341466,0.005480362
1002,169.45346,0.21998466,,9.397866332,22.67426185,22.23607,,0.014317257,3.82815192,2.62447136,7.410618369,,3.972977091,0.018421013,0.038970541,0.036284287,0.000248169,7.43e-05,0.013105409,0.002890092
1003,102.5812013,0.300364157,,5.723829007,63.48542049,10.95760412,11.31892714,0.014828295,2.717146196,2.207015162,4.920572579,,2.518232027,0.013286165,0.004580734,0.075071018,0.000375582,9.21e-05,0.013964386,0.001813516
1004,78.0671526,0.1920523,,3.950182704,56.45796692,9.659200943,9.811232104,0.006651371,1.443632619,1.80618175,3.252906291,,1.410999781,0.018103326,0.042395811,0.079043335,0.000329386,5.62e-05,0.009372006,0.001597462
1005,107.6044416,0.135247955,,5.829685255,56.07144424,12.01366487,10.20141821,0.003002909,1.56981627,1.503150288,4.047386264,,3.028849174,0.033426386,0.110454572,,0.000465878,6.44e-05,0.006960564,0.00239455
1006,76.23785765,0.211537726,,4.186051541,54.53884563,9.624936606,9.822485186,0.011686041,2.055859271,1.651301814,3.735553743,,1.710089975,0.012708706,0.052754157,0.074603504,0.000297758,6.95e-05,0.010675267,0.001977673
1007,100.7093083,0.270734328,,5.52436858,65.70566038,11.71924324,11.75050869,0.014946752,2.045524115,2.00242232,3.930428172,,2.54379726,0.018766821,0.053804696,0.074946618,0.000365195,9.25e-05,0.012287494,0.001704932
1008,76.60924691,0.181715009,,4.349242284,54.55108214,9.66847742,9.948653645,0.010520855,1.235652328,0.746758019,2.196275586,,2.677941047,0.022627154,0.047454095,0.028699679,0.000210185,6.36e-05,0.012518953,0.002587298
1009,105.3283542,0.269293304,,5.624045559,66.71776917,12.47572124,11.51933147,0.011723369,2.232719149,2.392545012,4.642311658,,2.367294116,0.022013238,0.061924464,0.07559103,0.000394905,8.5e-05,0.016636979,0.003333295
1010,53.54333402,0.200356965,,2.940079206,48.66145176,5.095869874,8.623099095,0.007743519,1.547849104,0.965616406,2.712067812,,1.299247088,0.00365792,0.02044467,0.052620036,0.000200942,5.47e-05,0.010305407,0.001571996
1011,74.86391592,0.227214642,,3.806116166,60.03250365,15.29215503,11.20166948,0.013172074,1.437946945,1.383376426,3.199250766,,1.631142271,0.025376025,0.156909134,0.099895526,0.000430025,6.26e-05,0.013290886,0.000927732
1012,271.90292,0.26942682,,15.77254404,50.07554329,40.836684,11.75583096,0.013476854,8.892191876,4.883833477,15.07433401,,8.288926912,0.024920583,0.051466697,0.047716409,0.000301244,8.78e-05,0.015692991,0.01028155
1013,210.52188,0.264772846,,11.77726883,50.29418905,27.314134,12.31253809,,6.335872229,5.033369707,11.99240746,,5.369967777,0.033596748,,0.02869045,0.000693891,0.000100259,0.006233055,0.00586394
1014,107.8080756,0.186904406,,5.688355087,39.59375049,9.810638157,7.54458777,0.007403476,2.764121789,2.210561365,4.633211128,,3.070014439,0.032958818,0.051440033,0.029057774,0.000333071,6.61e-05,0.006760154,0.002970737
1015,316.3748,0.307184871,,16.89228029,41.64282696,30.60018,15.54356954,0.007164561,9.461517709,8.388048372,19.05784659,,6.368246751,0.011138944,,0.145912373,0.00068747,0.000123051,0.009091567,
1016,98.39334752,0.175877394,,5.837926982,37.95154452,5.629286518,7.620848291,0.005517753,4.067953013,0.897542113,5.427916584,,4.058562162,0.025811046,0.06322243,,0.000255271,5.54e-05,0.006150418,0.004719475
1017,119.925494,0.213782169,,6.583814634,48.06699943,10.60703218,9.414997711,0.011998116,3.929874299,2.60242244,6.731581581,,2.985400667,0.019553924,0.071603418,0.107557201,0.000225282,7.15e-05,0.014219148,0.005768722
1018,98.83643787,0.156329893,,5.45929481,37.11712164,7.698570704,7.63037387,0.018336903,0.955764217,0.352928397,0.887226143,,3.838663535,0.038733711,0.055441603,0.016268769,0.000206002,5.1e-05,0.011470615,0.001748872
1019,100.4442721,0.253891985,,5.442772233,49.84586486,9.928805859,9.223958543,0.007526652,3.201710364,2.923127108,5.789662308,,1.985336229,0.016403946,0.005588777,0.084551672,0.000460715,8.58e-05,0.010012294,0.002650445
1020,102.9673824,0.205898898,,5.362716122,50.68141902,8.817377925,9.8704479,0.006526712,2.30129441,2.443483231,4.493952034,,2.330694719,0.01217028,,0.090918434,0.000348653,6.96e-05,0.007285329,0.001974246
1021,125.3217096,0.276972686,,7.057464093,58.76950016,11.94883794,11.12068082,0.009361626,5.022582001,2.885715942,8.219517019,,3.347864496,0.017086307,0.032153429,0.088988274,0.000357988,8.55e-05,0.014280654,0.007657511
1022,93.61344008,0.169522005,,5.043200715,48.81561444,9.196026082,9.518218217,0.006072076,3.108474113,1.41736214,5.005253131,,2.56733707,0.030916048,0.160285236,0.048487446,0.000422365,6.74e-05,0.006152425,0.004912951
1023,86.63985667,0.154708608,,4.764730287,51.69870372,11.81393861,9.803150213,0.010247015,2.315142388,0.72120714,3.51289162,,2.223662011,0.024940156,0.113590951,0.023929181,0.00029364,5.13e-05,0.010964701,0.004731287
1024,77.94697856,0.185918463,,4.167802754,43.35365245,9.772137055,8.334350944,0.001926691,2.083187622,1.282643884,3.630546698,,2.579048546,0.013665738,0.032661839,0.051128879,0.000370324,6.74e-05,0.002066258,0.001977764
1025,61.08645353,0.119607978,,2.806418166,35.18428167,5.398375212,7.51344146,0.008286691,0.771579193,1.015639677,2.477874335,,0.817286002,0.021990484,0.228137393,0.095217071,0.000315659,4.76e-05,0.010250521,0.001713649
1026,47.25883541,0.103561084,,2.540699286,30.84609604,9.990146577,6.928589936,0.006153392,1.235306929,0.741807379,2.326344626,,1.182219134,0.012002443,0.053457351,0.048079876,0.000132747,3.87e-05,0.00541891,0.002099583
1027,109.0886927,0.233141618,,5.608582245,52.93860151,8.563223225,10.30075529,0.013883074,2.465785049,1.889234707,4.257972001,,3.040372647,0.024807805,0.231323354,0.114027463,0.000388775,0.000113999,0.014196609,0.005340845
1028,90.09407952,0.233364923,,4.649784798,55.90298501,6.970214591,10.5681322,0.017292679,2.466785233,1.262004005,4.456014135,,2.092911167,0.032102523,0.262820339,0.092572547,0.000419348,7.07e-05,0.018869517,0.005154941
1029,73.12189867,0.174467999,,3.419739195,43.72011808,8.520099614,8.604633105,0.003706363,0.941742993,1.693971116,2.804157734,,0.954794215,0.019989368,0.100289274,0.123680085,0.000479108,6.51e-05,0.004200617,0.001980327
1030,61.54371428,0.134922322,,3.045725037,52.92727936,8.277331634,9.877660283,0.000647603,1.158811518,1.118573523,2.516100211,,1.594109178,0.021752654,0.060760357,0.048929729,0.000317374,3.74e-05,0.003543563,0.00305868
1031,66.37331214,0.188120586,,3.347463832,41.01093314,14.03955982,8.360428287,0.005765245,0.713720171,1.116918274,1.715232526,,1.481745423,0.019701497,0.097744034,0.083949958,0.000327055,6.59e-05,0.007908876,0.001780741
1032,44.82671963,0.173586984,,2.167879169,28.86783032,,6.515338657,0.009906832,0.726480772,0.733002577,1.237775837,,0.88710718,0.016724312,0.067308593,0.070940587,0.000205657,4.34e-05,0.008804864,0.001024515
1033,84.49543196,0.166502812,,4.489707799,36.40045041,,7.341520385,0.010491309,2.411536922,2.057003346,4.681476009,,2.297641157,,,0.049689087,0.000308839,4.91e-05,,0.001641487
1034,100.9882679,0.234514442,,5.213531851,39.47902948,,7.513217082,0.014569584,2.7007533,2.524714906,5.487658453,,1.916785255,0.013480902,,0.095977937,0.000455109,5.81e-05,0.007685953,0.001258229
1035,255.7360396,0.351896977,,13.2819906,49.48130737,34.73730528,8.788734838,0.02880551,6.827160094,6.157130836,14.27865873,,5.841165742,,,0.192198867,0.000586117,0.000138392,,0.00431779
1036,263.9934621,0.405573454,,14.00825097,48.89546119,32.63258378,8.68160063,0.022071265,8.047035013,6.291583528,15.47636974,,6.928073489,,,0.140769482,0.000546658,0.000123004,0.014241988,0.004485848
1037,66.84860368,0.14557784,,3.3061827,36.69058026,,8.326113274,0.008259991,1.631190938,1.420063585,3.188124488,,1.536790477,0.021292729,0.071995087,0.064425423,0.00027628,4.89e-05,0.005412631,0.001457618
1038,107.1742849,0.213088786,,5.805974034,45.8509885,,10.14821882,0.014091008,2.425893022,2.255303308,4.965354619,,3.261113516,0.010996045,,,0.000311833,5.66e-05,0.00761122,0.001781173
1039,305.288385,0.378658157,,17.0186249,40.3826925,34.09098383,8.51156815,0.025868946,7.281286613,5.85939877,15.06327457,,9.794810403,,,,0.000663555,0.00013597,,0.005909439
1040,84.71220329,0.132862071,,4.622478191,33.91428911,,7.842495345,0.010964422,1.203280439,1.375181922,2.83437065,,2.468279741,0.014504612,,,0.000242637,4.3e-05,0.008386147,0.00186881
1041,316.8802552,0.410614387,,16.63703683,64.6151046,35.97897897,15.82986785,0.03310224,8.695630144,7.577739438,17.81753192,,7.551147506,,,0.238436665,0.000483866,0.000152868,0.016810971,0.00437621
1042,64.35937135,0.120532854,,3.38995959,41.46858642,,8.58144296,0.007428291,,0.954482625,1.686385358,,1.505507326,0.010531374,,,0.000239353,4.11e-05,,0.001559378
1043,65.50599905,0.171602839,,3.572113922,41.1656999,,8.401309275,0.009223951,2.051675331,1.115413497,3.211497032,,2.478619939,0.00975717,0.068487448,,0.000302635,4.03e-05,,0.001197316
1044,73.82703733,0.186046572,,4.041744515,,17.59324827,,0.01501235,1.424055174,1.222194229,2.783232318,,2.102886076,0.013376981,0.038106781,0.045630575,0.00016286,4.55e-05,0.007892364,0.000961215
1045,40.50860768,0.094697196,,2.058895414,25.8842948,,6.534312572,0.008422971,0.374017882,0.655157719,0.969079279,,0.773441454,0.010022729,0.046930804,0.035904533,0.000139047,2.35e-05,0.004992841,
1046,100.3497849,0.197618502,,4.995144006,43.18240934,,9.402147823,,1.055803554,2.059110594,2.778519933,,3.098807504,0.022177553,0.109075789,0.100765851,0.00045112,8.53e-05,,0.00186475
1047,54.71316261,0.142121532,,2.760711262,47.20557272,,9.166104718,0.007309853,1.296212878,1.43187178,3.044067161,,1.009304698,,,0.098581132,0.000165149,3.63e-05,0.007375334,0.000811252
1048,81.78741317,0.185643619,,4.30118533,48.51108844,14.66207576,9.020846262,0.011894162,0.499509115,0.949569146,1.209101197,,1.969102043,0.032639669,0.115250067,0.119559138,0.000363612,7.84e-05,0.00893306,0.000574316
1049,102.2406614,0.203280408,,4.80575851,34.26953532,7.781295252,7.228850708,0.012955723,1.605315484,3.216743685,4.534762875,,0.702198429,0.015634956,0.003922428,0.213657154,0.000254326,6.64e-05,0.016485387,0.000298772
1050,124.5809,0.419685506,,7.197617766,50.54910131,21.34754,14.42555183,0.023735603,3.277255638,2.252790306,6.144598601,,3.304208552,0.035329203,0.070760893,0.135621118,0.000300501,9.25e-05,0.031098515,0.004196408
1051,85.33844437,0.183581364,,4.230700547,41.43110998,14.97188228,7.912881724,0.020194303,0.40651139,1.028069047,1.439321277,,1.205087116,0.027405227,0.180252272,0.139864444,0.000412169,6.5e-05,0.014108374,
1052,48.7829173,0.1062517,,2.191927071,33.40357169,9.233110688,6.742886229,0.010331772,0.228800948,1.406242036,1.487148903,,,0.013951569,0.037464316,0.113400454,4.39e-05,2e-05,0.012793831,
1053,53.34734572,0.118384971,,2.458094398,25.8718958,,5.723332648,0.00931056,0.176101276,1.43672049,1.450998281,,0.500017222,0.009818575,0.026718777,0.155331652,0.000114735,3.39e-05,0.011747647,
1054,116.0872307,0.173985033,,5.458570488,45.7504533,33.86122502,9.853675779,0.01139076,2.123253205,3.953008113,6.088791046,,1.294953919,0.029538626,0.121040917,0.175478458,0.000283283,4.79e-05,0.02065422,
1055,142.7242305,0.206165319,,6.631210607,59.9159009,37.78054514,12.01590743,0.01166549,2.438783805,5.091655475,7.810588972,,1.244039153,0.037435883,0.128637249,0.217827835,0.000341891,5.43e-05,0.024364128,
1056,84.64127831,0.328922991,,4.236929039,54.63336588,13.16472545,11.97488662,0.023655298,1.315431721,2.760367945,3.20049596,,1.032691281,0.031868443,0.052813715,0.112344877,0.000259025,7.64e-05,0.023241428,0.001138814
1057,42.53817283,0.111127124,,1.864470904,59.29612009,10.27836536,10.75304312,0.010636373,,0.789815096,0.186595764,,,0.014757736,0.08022623,0.137506106,8.11e-05,2.78e-05,0.013236691,
1058,40.72200165,0.131591121,,1.758175487,59.78857124,14.14857146,11.20282072,0.010494351,0.439050107,1.136204996,1.51808365,,0.401927795,0.015078982,0.039722746,0.085799836,6.85e-05,2.9e-05,0.011460147,
1059,80.66856758,0.190376527,,4.09502062,28.85070314,7.741414912,6.044010137,0.010022389,1.155087853,1.350070835,2.715420907,,1.775434363,0.025320414,0.105764193,0.122768712,0.00044418,7e-05,0.006947842,0.000634764
1060,117.4464216,0.181287881,,5.770773947,,15.98759534,,0.02147325,,1.801266638,1.135545673,,2.598885821,0.045216248,0.19789587,0.13073015,0.000323761,8.91e-05,0.015558124,
1061,58.60732009,0.120637171,,2.729274029,,8.328322257,,0.010864084,,0.909074159,0.679022928,,0.909431375,0.019158811,0.064184899,0.127925981,7.63e-05,4.48e-05,0.011751804,
1062,72.90938453,0.241873325,,3.856170413,43.38555775,10.09984596,9.35649211,0.016348841,1.536963449,1.154718203,2.713888273,,2.286482614,0.018351499,0.083681674,0.04364608,0.000300704,5.18e-05,0.010963793,
1063,318.0130102,0.440622252,,17.76801882,57.18055718,35.55539694,12.18684736,0.040243493,7.221620134,6.643395996,16.09932999,,8.415497409,0.022874531,,,0.000761076,0.000107225,0.021943402,0.004055309
1064,300.677042,0.407463796,,16.92779363,39.570898,34.66536188,7.999376519,0.032694994,6.4079139,5.696491807,14.03331383,,9.277539161,0.035951324,,,0.000694443,9.72e-05,0.026902825,0.004255074
1065,236.386348,0.322406019,,12.72064256,4.44830458,37.57246847,1.182576236,0.031016184,4.751304754,4.255845913,9.325738623,,6.293064686,0.029149447,0.116330957,0.171310592,0.000446919,8.36e-05,0.021342143,
1066,337.2326136,0.333102757,,18.00769602,44.51070524,30.71100166,8.480923297,0.037803086,4.899658545,5.439607358,12.3405697,,10.56362698,0.046694625,0.26540951,0.130297856,0.000871653,0.000144923,0.015151722,0.003662161
1067,114.3522837,0.215258544,,6.114743742,,13.27563733,,0.009259927,1.91593467,2.15608407,3.899597372,,3.775754001,0.018596703,,,0.000349258,7.6e-05,,0.002148547
1068,112.6736093,0.222191254,,6.465206794,26.0112285,13.32762203,6.683775486,0.01930717,2.070756493,1.470049888,3.754547047,,3.820391415,0.027407312,,,0.000286791,4.77e-05,0.017420832,0.003082349
1069,213.9819747,0.205630275,,12.64377636,31.7283628,27.03381976,7.81664222,0.017717036,6.124329453,3.667447107,10.61070072,,7.348061395,0.020805057,0.084066529,,0.000460234,6.16e-05,0.009018893,0.00552488
1070,107.4617545,0.248363883,,5.909364627,24.59074738,13.27678932,6.638800218,0.02125638,1.838412487,1.613086922,3.566278989,,2.672327073,0.02849729,0.09506951,0.086958667,0.000314231,6.51e-05,0.018562149,0.002776394
1071,208.2813197,0.219316018,,11.4590147,,24.73839492,,0.032155977,3.441617316,3.751990492,7.948300134,,4.965483716,0.034629511,0.191400558,0.224502527,0.00043501,9.15e-05,0.02433345,0.003613422
1072,208.2761,0.280281616,,11.45371817,,28.48539406,,0.02305133,5.001909023,4.055804356,9.901983563,,6.668841822,0.015628838,,,0.000352922,7.33e-05,0.010374684,0.002674731
1073,107.9517109,0.186273187,,5.724988783,,13.71093679,,0.010118761,1.863876178,1.654240593,3.89742219,,3.964764962,,,0.068795786,0.000181737,4.82e-05,,0.001468209
1074,87.61800564,0.166535603,,4.523548604,38.0622177,11.15475312,8.542585771,0.010772078,1.639503465,1.34537167,2.949962543,,2.865947687,,0.060355079,0.066321948,0.00028917,5.66e-05,0.006844462,0.001787263
1075,86.52335025,0.164445135,,4.467300225,34.17893455,11.01738465,5.794845564,0.013904385,1.315605474,1.482480813,2.654930223,,2.424722275,0.025182985,0.122894875,0.078739657,0.000406517,5.37e-05,0.006435027,
1076,168.1507778,0.218151786,,9.257898148,,22.94881212,,0.015799952,4.634203023,3.273539267,8.662452041,,5.174141377,0.019559279,0.085093344,,0.000598788,5.69e-05,0.008498693,0.002401381
1077,187.3935393,0.16889605,,10.31956644,,21.09928863,,0.013057904,3.747756298,3.408311538,8.018575197,,6.311484845,,,,0.000350153,5.12e-05,0.008960097,0.002356517
1078,33.46853273,0.076589129,,1.656886757,21.37929325,3.937966703,3.291395993,0.006240849,,0.498543008,0.702686301,,0.628281362,0.009043088,0.043308342,0.025078553,0.000126282,2.48e-05,0.004396958,0.000361044
1079,159.2961753,0.297304128,,8.859774437,40.01023414,21.85961109,7.561303965,0.016167203,3.70841964,2.575932659,6.500576394,,5.286235182,,,,0.000377712,6.15e-05,0.01120939,0.002337429
1080,81.44929026,0.163160071,,4.084804665,,9.548502107,,0.011114797,1.310446424,1.394284903,2.840299091,,2.47612072,0.018069331,0.101947274,0.075771977,0.000314557,5.26e-05,0.005411185,0.000682707
1081,81.95542393,0.2230145,,3.989577308,,11.64596059,,0.01694403,0.650593938,1.467806376,2.425189501,,1.703199101,0.01316847,0.05634236,0.190289966,0.000147773,6.56e-05,0.013246855,
1082,234.1812197,0.34717798,,13.03049407,,32.99611633,,0.032445659,5.119779124,4.705497107,10.59710623,,6.593924801,0.014968567,,0.12977502,0.000496463,8.12e-05,0.017959461,0.002376839
1083,382.5693583,0.43057235,,22.04674848,54.17311837,,11.14865535,,4.174046611,3.046295988,11.71539458,,16.34571905,0.103430263,0.458346681,,0.001177479,0.000120995,,0.008152924
1084,65.27799118,0.161088381,,3.254280098,48.01240037,,9.663561215,0.013785926,0.698845759,0.622897784,1.128994574,,2.01309568,0.01819771,0.143994634,0.042906716,0.000286388,4.74e-05,0.008862182,
1085,439.0371743,0.756635725,,23.3926774,71.5704918,48.49148475,14.94630948,0.050209978,9.309633806,7.737285208,17.56074927,,11.71170538,,,0.249115005,0.000746811,0.000173924,0.02607576,0.003610963
1086,192.8554907,0.348955381,,9.731992308,59.49789612,,12.26294043,0.022006092,2.436744378,3.73571919,7.115995741,,3.678099978,0.027039458,,0.13165769,0.00051662,9.34e-05,0.023615296,0.002005003
1087,184.692602,0.337729653,,9.273585905,44.86963272,,9.613730359,0.024713041,2.184050849,3.658553649,6.658250256,,3.227212255,0.031216768,0.08337097,0.150331471,0.000560919,9.83e-05,0.023550505,0.001583648
1088,36.80516875,0.076660298,,1.64158795,38.01028284,,7.941874294,0.007743569,,0.605534412,,,0.366632702,0.020402897,0.043291831,0.094506761,8.12e-05,3.25e-05,0.009811567,
1089,29.63859644,0.091263783,,1.399005474,42.03579567,,8.813617234,0.009447799,,0.38251785,,,0.281452907,0.019284025,,0.091745232,6.82e-05,2.89e-05,0.0127434,
1090,,,,,77.3473666,,15.26686804,,,,,,,,,,,,,
1091,144.6937221,0.279744869,,7.790684967,30.10163356,15.56224539,8.81881846,,2.521408662,1.705195106,4.703723607,,5.719753193,,0.095368084,,0.000665989,5.95e-05,,0.00230546
1092,180.7475665,0.261350514,,9.144738741,38.12959862,13.75265178,8.484730133,0.024792324,3.779062337,4.230430406,8.561817197,,3.056710875,0.026753719,0.071495559,0.13625678,0.000537655,8.62e-05,0.019018617,0.001878209
1093,211.8016829,0.328686472,,11.26210113,33.12774888,36.59255403,7.597298761,0.025718029,4.094121964,3.684414436,8.606360637,,5.946877711,0.057874167,0.347668209,,0.00069384,0.000101692,0.012000454,0.003640252
1094,523.4467156,0.602582899,,27.17618826,40.46233374,,8.563310829,0.035783787,13.81674186,15.22343197,29.15508076,,7.854706103,0.059335596,,0.320826945,0.001857677,0.000205279,0.033719438,0.009523784
1095,232.5093738,0.418319739,,11.76010519,60.33908879,36.30666774,11.57296282,0.030073803,6.465297672,5.875118675,13.64241134,,3.678300002,0.018387914,0.090442586,0.247310036,0.000538093,0.00010617,0.020102358,0.00275437
1096,102.585749,0.257723004,,5.121060925,,,,0.018623994,1.980249129,1.408014046,3.391426237,,2.69066438,0.021313338,0.112079657,0.158862712,0.000337828,7.17e-05,0.013542949,0.000942183
1097,396.6984223,0.5208253,,21.44091965,71.31568788,41.87452113,14.76521147,0.025074847,9.892994309,7.333755902,19.73584788,,12.64618458,0.039099813,0.281354591,,0.000916296,0.000134453,0.012339698,0.00594141
1098,254.3594816,0.439798882,,13.70049501,40.01644109,36.18131327,7.402031051,0.026508821,7.668315324,6.001865768,14.94636061,,6.211329214,,,0.103346124,0.000615254,0.000106871,0.012447134,0.003432911
1099,324.1551595,0.493632262,,17.9286335,34.79577915,39.1913766,7.938988455,0.024678582,9.260969964,7.00726818,17.52268,,9.016687615,,,,0.000778663,0.000129262,,0.006145629
1100,593.6634349,0.863421551,,32.69704323,,65.80129227,,0.073425613,10.56595345,11.38019643,26.23762974,,17.62108106,0.109229627,0.660433493,,0.001963721,0.000277471,0.047307276,0.010354063
1101,412.4081715,0.57680771,,22.92813928,,46.01685393,,0.041879764,9.069412558,8.048499144,18.8487065,,12.53310936,0.077043223,0.36413197,0.210011301,0.00101372,0.000170365,0.025191481,0.007041214
1102,162.3378918,0.241024682,,9.145933494,,,,0.015648103,3.743791573,3.397777679,7.204430375,,4.802823639,0.027433965,0.064689374,,0.000376266,8.48e-05,0.013337884,0.004719287
1103,68.23285285,0.241787278,,3.610433315,58.93479823,,12.03992479,0.020191305,1.75853475,1.071755705,1.89049035,,1.49234573,0.020161134,0.121906561,0.135471094,0.000252525,6.77e-05,0.017917898,0.001751381
1104,85.51078492,0.271619152,,4.614359677,,,,0.022049845,1.486727414,1.384291654,2.496664285,,2.043645891,0.025657673,0.124903606,0.130213518,0.000334693,7.28e-05,0.018958877,0.001937497
1105,82.37876735,0.187508104,,4.650509304,32.06271175,,7.334041188,0.013125055,1.733869477,1.226878987,2.829631319,,2.367330725,0.023818125,0.108138447,0.080882677,0.000339839,5.54e-05,0.012720318,0.002628764
1106,122.6778439,0.168613873,,6.593145127,,,,0.012032468,2.912962823,2.683763124,5.602271116,,3.406150579,0.02402095,0.105206566,0.057631778,0.000351599,7.2e-05,0.006007643,0.003646746
1107,67.8876147,0.140362026,,3.721786326,36.44344017,,7.989165646,0.008574235,2.118204561,1.194269193,2.830869192,,2.219717843,0.027022749,0.077211419,,0.000201712,4.97e-05,0.009966487,0.002183901
1108,69.60281085,0.102984066,,3.34245511,,,,0.008851647,0.985385115,1.712339729,2.904020423,,1.203571159,0.013063804,0.03413225,0.108178314,,4.08e-05,0.009849371,0.000542421
1109,98.61929191,0.150853134,,5.486111704,,,,0.008434572,1.789390799,1.923122303,3.790418792,,3.32955331,0.019449657,0.073215424,,0.000339004,6.04e-05,,0.002728929
1110,87.32524141,0.266166577,,4.572335397,64.97552586,,12.46737071,0.026230703,1.343149929,1.981105116,3.57982961,,1.952478445,0.028584024,0.092531654,0.109859038,0.000268103,7.82e-05,0.020522999,0.001384499
1111,366.5234329,0.375492441,,20.453737,27.37192171,,6.682239131,0.035306901,9.130872701,7.104748973,16.45567005,,10.59666508,0.044972455,,,0.000349301,0.000140148,0.043673644,0.007088476
1112,135.4506605,0.206673905,,7.607818657,,,,0.009031933,3.496499793,2.959111211,6.040013819,,3.718532975,0.025991028,0.088369061,,0.000350141,7.75e-05,0.011421344,0.003956253
1113,130.5277448,0.219655682,,7.625899525,,,,0.011198375,3.514207968,2.758297035,6.238901777,,3.772077414,0.020828633,0.088639847,,0.000480159,6.13e-05,0.012264303,0.004201197
1114,85.44627915,0.241511935,,4.7255103,34.64646158,,8.298752238,0.015579707,1.64263789,1.156486755,2.772710135,,2.459499048,0.023873535,0.15841854,0.072638891,0.000454592,6.7e-05,0.012907983,0.002478743
